25,6,19.42,1500,1300,1506,1294
16,8,11.21,1506,1294,1504,1296
-25,7,-18.04,1200,1400,1195,1405
-25,5,-25,1195,1405,1183,1417
14,8,9.8,1296,1200,1299,1197
19,7,13.36,1299,1197,1305,1191
25,5,25,1500,1200,1508,1192
25,4,31.7,1508,1192,1521,1179
25,6,19.42,1417,1179,1421,1174
25,4,31.7,1421,1174,1438,1158
-16,8,-11.21,1158,1305,1157,1306
-2,8,-1.4,1157,1306,1165,1298
-11,7,-7.7,1521,1400,1505,1416
-13,7,-9.11,1505,1416,1490,1431
-21,6,-15.09,1200,1438,1200,1438
-25,4,-31.7,1200,1438,1183,1455
17,6,11.97,1600,1455,1602,1453
2,8,1.4,1602,1453,1593,1461
25,6,19.42,1490,1461,1507,1444
4,8,2.8,1507,1444,1505,1446
25,6,19.42,1593,1200,1592,1201
25,6,19.42,1592,1201,1592,1202
18,5,13.01,1200,1183,1212,1171
-7,8,-4.9,1212,1171,1204,1179
-9,8,-6.3,1204,1179,1196,1187
-21,5,-16.42,1196,1446,1195,1447
-22,6,-15.99,1195,1447,1194,1447
-9,8,-6.3,1400,1400,1394,1406
9,8,6.3,1394,1406,1401,1399
24,7,17.18,1401,1399,1418,1382
-23,6,-16.98,1194,1418,1192,1421
-23,5,-20.03,1192,1421,1186,1426
-14,8,-9.8,1191,1202,1182,1211
20,6,14.25,1182,1211,1198,1194
-11,6,-7.7,1198,1194,1190,1202
-20,7,-14.09,1202,1447,1203,1446
-24,5,-22.37,1203,1446,1196,1453
-21,7,-14.82,1186,1382,1184,1384
-20,7,-14.09,1184,1384,1183,1385
-9,8,-6.3,1200,1426,1208,1418
-19,8,-13.33,1208,1418,1208,1418
5,8,3.5,1385,1208,1377,1216
20,8,14.04,1377,1216,1380,1213
25,3,32.49,1592,1165,1603,1154
19,4,17.4,1603,1154,1599,1158
19,7,13.36,1599,1213,1592,1220
24,4,29.89,1592,1220,1602,1210
25,6,19.42,1505,1190,1507,1189
20,5,15.09,1507,1189,1504,1192
24,6,18.11,1602,1192,1600,1194
25,3,32.49,1600,1194,1612,1182
13,6,9.11,1453,1182,1446,1190
13,7,9.11,1446,1190,1439,1196
16,6,11.24,1196,1183,1206,1173
25,6,19.42,1206,1173,1223,1156
25,6,19.42,1600,1156,1598,1158
13,5,9.13,1598,1158,1586,1170
18,5,13.01,1200,1170,1211,1159
19,6,13.46,1211,1159,1221,1149
22,6,15.99,1504,1187,1502,1189
25,5,25,1502,1189,1509,1182
25,5,25,1504,1182,1511,1175
23,7,16.36,1511,1175,1508,1178
25,4,31.7,1586,1178,1597,1167
24,7,17.18,1597,1167,1593,1170
25,5,25,1223,1170,1245,1149
7,6,4.9,1245,1149,1243,1151
25,4,31.7,1593,1243,1606,1230
19,6,13.46,1606,1230,1599,1237
11,8,7.7,1431,1380,1436,1376
18,8,12.62,1436,1376,1444,1368
10,8,7,1599,1612,1607,1604
-2,8,-1.4,1607,1604,1605,1605
7,8,4.9,1605,1605,1610,1601
25,6,19.42,1601,1418,1608,1411
16,8,11.21,1608,1411,1606,1412
25,6,19.42,1439,1444,1459,1424
-2,7,-1.4,1459,1424,1455,1428
-5,5,-3.5,1455,1428,1450,1434
11,6,7.7,1196,1412,1218,1391
-5,7,-3.5,1218,1391,1226,1383
8,7,5.6,1226,1383,1242,1367
13,8,9.1,1368,1298,1372,1294
16,8,11.21,1372,1294,1378,1288
8,5,5.6,1221,1242,1228,1235
-13,5,-9.13,1228,1235,1219,1243
-4,7,-2.8,1219,1243,1218,1244
17,7,11.93,1288,1183,1293,1179
21,6,15.09,1293,1179,1300,1172
-17,7,-11.93,1300,1434,1297,1436
-25,5,-25,1297,1436,1281,1452
-25,4,-31.7,1172,1452,1157,1467
-21,7,-14.82,1157,1467,1160,1464
-18,6,-12.71,1160,1378,1161,1376
-25,5,-25,1161,1376,1150,1388
-3,7,-2.1,1158,1218,1160,1216
-24,6,-18.11,1160,1216,1146,1230
10,7,7,1388,1146,1380,1154
11,7,7.7,1380,1154,1373,1161
-25,6,-19.42,1200,1464,1197,1467
-5,8,-3.5,1197,1467,1209,1454
-12,7,-8.4,1209,1508,1218,1499
-15,8,-10.51,1218,1499,1225,1493
25,6,19.42,1373,1151,1378,1146
21,7,14.82,1378,1146,1379,1146
25,5,25,1493,1237,1502,1227
25,6,19.42,1502,1227,1505,1224
25,4,31.7,1505,1281,1523,1264
4,8,2.8,1523,1264,1510,1277
11,8,7.7,1225,1277,1236,1266
25,4,31.7,1236,1266,1270,1232
2,8,1.4,1270,1367,1278,1358
16,7,11.22,1278,1358,1295,1342
19,6,13.46,1342,1224,1347,1219
25,6,19.42,1347,1219,1357,1208
12,2,14.95,1450,1295,1454,1290
20,6,14.25,1454,1290,1458,1287
9,7,6.3,1458,1379,1458,1378
-7,7,-4.9,1458,1378,1448,1388
-18,8,-12.62,1448,1388,1431,1405
13,7,9.11,1509,1287,1504,1292
4,7,2.8,1504,1292,1493,1303
25,5,25,1454,1146,1462,1138
25,4,31.7,1462,1138,1475,1125
12,7,8.4,1475,1230,1468,1237
11,7,7.7,1468,1237,1461,1244
-14,7,-9.81,1125,1244,1123,1245
-1,7,-0.7,1123,1245,1131,1237
-5,8,-3.5,1303,1405,1307,1402
-13,7,-9.11,1307,1402,1304,1404
-25,5,-25,1304,1610,1297,1618
-20,7,-14.09,1297,1618,1301,1614
25,5,25,1614,1244,1619,1239
23,6,16.98,1619,1239,1616,1242
25,6,19.42,1606,1301,1608,1299
25,4,31.7,1608,1299,1622,1285
25,6,19.42,1285,1161,1296,1150
19,6,13.46,1296,1150,1300,1146
-25,4,-31.7,1146,1461,1133,1475
-20,7,-14.09,1133,1475,1137,1470
-25,5,-25,1137,1616,1134,1619
-24,7,-17.18,1134,1619,1139,1614
-11,6,-7.7,1139,1150,1132,1157
10,6,7,1132,1157,1141,1148
-13,6,-9.11,1141,1148,1132,1156
25,5,25,1622,1232,1627,1227
25,6,19.42,1627,1227,1626,1228
-11,6,-7.7,1242,1470,1249,1464
-25,3,-32.49,1249,1464,1230,1482
19,7,13.36,1482,1200,1479,1203
25,6,19.42,1479,1203,1482,1200
-16,7,-11.22,1230,1404,1230,1404
-24,6,-18.11,1230,1404,1224,1410
14,6,9.82,1493,1208,1486,1215
24,7,17.18,1486,1215,1487,1215
25,6,19.42,1482,1210,1485,1207
-2,8,-1.4,1485,1207,1467,1225
24,5,22.37,1467,1225,1474,1217
8,8,5.6,1410,1215,1403,1222
17,6,11.97,1403,1222,1403,1222
-8,7,-5.6,1224,1200,1217,1208
-7,6,-4.9,1217,1208,1211,1213
8,7,5.6,1217,1149,1218,1148
19,7,13.36,1218,1148,1227,1140
-2,8,-1.4,1211,1227,1211,1227
-15,7,-10.51,1211,1227,1201,1236
24,8,16.94,1626,1403,1629,1400
7,8,4.9,1629,1400,1619,1410
-25,6,-19.42,1431,1487,1415,1502
-14,8,-9.8,1415,1502,1412,1506
-11,6,-7.7,1237,1236,1230,1244
22,6,15.99,1230,1244,1247,1227
-14,4,-10.06,1247,1227,1235,1238
13,7,9.11,1238,1213,1246,1206
21,7,14.82,1246,1206,1258,1194
-14,7,-9.81,1410,1510,1407,1513
-25,5,-25,1407,1513,1389,1530
25,5,25,1530,1235,1538,1228
16,7,11.22,1538,1228,1531,1234
18,8,12.62,1619,1234,1612,1242
25,6,19.42,1612,1242,1611,1242
-22,8,-15.47,1412,1614,1409,1616
-15,7,-10.51,1409,1616,1412,1614
20,7,14.09,1614,1194,1607,1201
18,7,12.64,1607,1201,1599,1209
24,6,18.11,1506,1201,1507,1201
25,7,18.04,1507,1201,1507,1201
9,5,6.3,1201,1140,1202,1138
-3,5,-2.1,1202,1138,1196,1145
9,5,6.3,1196,1145,1198,1142
20,5,15.09,1357,1228,1364,1222
5,8,3.5,1364,1222,1358,1228
25,4,31.7,1358,1132,1375,1115
20,7,14.09,1375,1115,1373,1117
17,7,11.93,1507,1117,1499,1125
20,7,14.09,1499,1125,1493,1131
18,7,12.64,1493,1209,1489,1213
24,7,17.18,1489,1213,1489,1212
22,5,18.05,1242,1212,1258,1196
1,5,0.7,1258,1196,1254,1200
7,8,4.9,1599,1258,1585,1272
-2,8,-1.4,1585,1272,1565,1291
25,7,18.04,1565,1291,1567,1289
20,5,15.09,1567,1254,1564,1257
5,7,3.5,1564,1257,1550,1271
7,8,4.9,1156,1200,1164,1192
17,6,11.97,1164,1192,1178,1178
7,7,4.9,1178,1142,1180,1140
21,6,15.09,1180,1140,1193,1128
25,4,31.7,1531,1128,1543,1116
17,6,11.97,1543,1116,1533,1125
25,4,31.7,1550,1178,1562,1166
17,6,11.97,1562,1166,1554,1175
19,7,13.36,1289,1175,1295,1169
-10,8,-7,1295,1169,1279,1185
24,6,18.11,1279,1185,1291,1174
-8,8,-5.6,1131,1291,1136,1286
-25,5,-25,1136,1286,1121,1300
5,8,3.5,1489,1300,1481,1309
25,6,19.42,1481,1309,1489,1301
24,5,22.37,1489,1389,1504,1374
-3,8,-2.1,1504,1374,1493,1385
1,7,0.7,1493,1385,1486,1392
25,3,32.49,1611,1174,1623,1162
25,4,31.7,1623,1162,1633,1152
-7,7,-4.9,1271,1300,1268,1302
17,6,11.97,1268,1302,1283,1288
15,6,10.53,1283,1288,1294,1277
-5,7,-3.5,1193,1121,1184,1130
-18,6,-12.71,1184,1130,1167,1146
-7,8,-4.9,1131,1301,1137,1295
-18,8,-12.62,1137,1295,1135,1297
18,7,12.64,1167,1135,1178,1125
24,7,17.18,1178,1125,1191,1112
-25,5,-25,1112,1373,1103,1382
-21,6,-15.09,1103,1382,1104,1381
-6,8,-4.2,1152,1277,1157,1273
9,8,6.3,1157,1273,1171,1258
-13,8,-9.1,1171,1258,1168,1261
-23,6,-16.98,1381,1533,1374,1540
-20,5,-15.09,1374,1540,1370,1544
4,8,2.8,1261,1104,1254,1112
13,8,9.1,1254,1112,1253,1113
20,6,14.25,1370,1191,1372,1189
7,8,4.9,1372,1189,1365,1196
10,6,7,1474,1222,1466,1230
2,7,1.4,1466,1230,1452,1244
9,8,6.3,1544,1297,1535,1306
20,6,14.25,1535,1306,1535,1306
-9,6,-6.3,1452,1554,1453,1553
17,7,11.93,1453,1553,1472,1534
-17,7,-11.93,1472,1534,1465,1541
-9,7,-6.3,1146,1244,1147,1243
4,7,2.8,1147,1243,1156,1234
5,6,3.5,1156,1234,1165,1225
25,4,31.7,1633,1125,1642,1116
22,5,18.05,1642,1116,1637,1121
13,8,9.1,1306,1253,1311,1248
-4,8,-2.8,1311,1248,1304,1255
-2,8,-1.4,1304,1255,1299,1260
22,7,15.58,1465,1121,1461,1124
25,4,31.7,1461,1124,1474,1111
18,5,13.01,1412,1228,1413,1227
11,8,7.7,1413,1227,1409,1232
25,6,19.42,1535,1196,1536,1195
15,5,10.59,1536,1195,1527,1204
10,8,7,1409,1294,1408,1295
16,6,11.24,1408,1295,1411,1291
-6,7,-4.2,1291,1168,1279,1181
7,8,4.9,1279,1181,1277,1183
25,5,25,1277,1183,1295,1164
-6,8,-4.2,1164,1486,1178,1472
-23,6,-16.98,1178,1472,1179,1472
-7,7,-4.9,1165,1111,1157,1120
15,6,10.53,1157,1120,1164,1112
6,7,4.2,1164,1112,1165,1112
-6,5,-4.2,1260,1198,1251,1207
4,5,2.8,1251,1207,1251,1207
-1,7,-0.7,1251,1207,1247,1211
15,6,10.53,1247,1112,1248,1110
11,8,7.7,1248,1110,1247,1112
2,6,1.4,1211,1165,1209,1167
7,6,4.9,1209,1167,1211,1165
24,6,18.11,1411,1204,1416,1199
19,7,13.36,1416,1199,1415,1199
9,8,6.3,1527,1541,1535,1534
4,8,2.8,1535,1534,1537,1531
-25,4,-31.7,1232,1531,1217,1546
-25,4,-31.7,1217,1546,1204,1559
25,4,31.7,1637,1199,1648,1189
25,3,32.49,1648,1189,1658,1178
6,7,4.2,1474,1472,1478,1468
-2,7,-1.4,1478,1468,1476,1470
-4,7,-2.8,1476,1470,1473,1473
23,7,16.36,1537,1473,1549,1461
5,8,3.5,1549,1461,1547,1464
5,7,3.5,1559,1392,1551,1399
7,7,4.9,1551,1399,1546,1405
15,6,10.53,1405,1178,1401,1182
25,7,18.04,1401,1182,1405,1178
-5,8,-3.5,1225,1299,1226,1297
-3,8,-2.1,1226,1297,1229,1294
-15,3,-15,1113,1658,1120,1650
-15,3,-15,1120,1650,1128,1643
-15,3,-15,1128,1204,1119,1214
-15,3,-15,1119,1214,1110,1222
-15,3,-15,1110,1211,1102,1219
-15,3,-15,1102,1219,1095,1226
-15,3,-15,1095,1179,1086,1188
-15,3,-15,1086,1188,1078,1196
-15,3,-15,1078,1165,1070,1174
-15,3,-15,1070,1174,1062,1182
15,8,10.51,1294,1222,1300,1217
10,8,7,1300,1217,1301,1216
-9,8,-6.3,1365,1464,1366,1463
2,8,1.4,1366,1463,1374,1455
21,8,14.75,1374,1455,1395,1435
1,7,0.7,1395,1473,1401,1467
10,8,7,1401,1467,1413,1455
-25,5,-25,1112,1435,1105,1441
-23,5,-20.03,1105,1441,1104,1443
19,8,13.33,1247,1229,1259,1217
21,6,15.09,1259,1217,1271,1205
-1,8,-0.7,1546,1413,1536,1422
11,8,7.7,1536,1422,1536,1423
13,8,9.1,1536,1423,1537,1421
19,7,13.36,1643,1443,1643,1442
17,6,11.97,1643,1442,1642,1444
-7,7,-4.9,1226,1196,1219,1203
10,6,7,1219,1203,1225,1197
-18,5,-13.01,1225,1197,1210,1212
25,4,31.7,1642,1455,1661,1435
25,6,19.42,1661,1435,1667,1430
10,6,7,1295,1216,1296,1214
25,6,19.42,1296,1214,1310,1201
13,6,9.11,1310,1205,1312,1203
25,4,31.7,1312,1203,1336,1179
-4,8,-2.8,1547,1667,1552,1661
-6,8,-4.2,1552,1661,1555,1658
-15,8,-10.51,1178,1201,1169,1209
-9,8,-6.3,1169,1209,1166,1213
23,6,16.98,1271,1166,1280,1156
21,8,14.75,1280,1156,1287,1150
25,4,31.7,1555,1212,1568,1199
19,7,13.36,1568,1199,1562,1205
6,6,4.2,1421,1336,1420,1338
8,6,5.6,1420,1338,1419,1338
17,6,11.97,1444,1338,1448,1333
23,6,16.98,1448,1333,1457,1324
7,8,4.9,1415,1301,1412,1304
16,7,11.22,1412,1304,1416,1300
-20,8,-14.04,1205,1419,1205,1420
1,8,0.7,1205,1420,1220,1405
1,8,0.7,1220,1405,1232,1392
8,7,5.6,1457,1537,1468,1526
8,7,5.6,1468,1526,1478,1516
21,5,16.42,1405,1324,1416,1314
19,6,13.46,1416,1314,1422,1307
-24,5,-22.37,1104,1232,1090,1246
-9,8,-6.3,1090,1246,1095,1242
-6,8,-4.2,1179,1213,1177,1215
-20,7,-14.09,1177,1215,1166,1226
-7,8,-4.9,1095,1226,1099,1222
-15,8,-10.51,1099,1222,1097,1224
7,8,4.9,1392,1416,1399,1409
-5,8,-3.5,1399,1409,1396,1412
20,7,14.09,1396,1412,1411,1397
2,8,1.4,1166,1150,1166,1150
-10,7,-7,1166,1150,1158,1158
8,8,5.6,1158,1158,1164,1152
8,7,5.6,1242,1164,1242,1164
-12,7,-8.4,1242,1164,1228,1177
4,7,2.8,1228,1177,1227,1178
24,6,18.11,1300,1152,1308,1144
18,7,12.64,1308,1144,1310,1142
-25,5,-25,1097,1287,1084,1299
-2,6,-1.4,1084,1299,1097,1287
-1,8,-0.7,1411,1562,1421,1552
-2,8,-1.4,1421,1552,1429,1545
5,7,3.5,1658,1397,1645,1409
8,8,5.6,1645,1409,1636,1418
-4,6,-2.8,1210,1178,1205,1183
-4,5,-2.8,1205,1183,1200,1188
23,5,20.03,1227,1182,1244,1165
-7,7,-4.9,1244,1165,1233,1175
12,7,8.4,1233,1175,1238,1171
12,8,8.4,1516,1422,1518,1420
-5,8,-3.5,1518,1420,1508,1431
-1,8,-0.7,1508,1431,1501,1437
-10,6,-7,1430,1478,1427,1482
5,8,3.5,1427,1482,1434,1474
23,6,16.98,1434,1474,1454,1454
3,8,2.1,1545,1437,1539,1442
18,5,13.01,1539,1442,1546,1436
-25,4,-31.7,1454,1636,1434,1656
-19,7,-13.36,1434,1656,1435,1655
-25,4,-31.7,1188,1287,1163,1312
-25,6,-19.42,1163,1312,1154,1321
-4,8,-2.8,1310,1238,1302,1246
5,8,3.5,1302,1246,1302,1246
-6,8,-4.2,1302,1246,1293,1254
19,7,13.36,1293,1154,1297,1150
21,6,15.09,1297,1150,1302,1145
16,7,11.22,1321,1254,1327,1248
-6,8,-4.2,1327,1248,1318,1258
10,8,7,1318,1258,1320,1255
-19,7,-13.36,1435,1436,1422,1449
24,6,18.11,1422,1449,1442,1429
1,8,0.7,1442,1429,1442,1429
-1,8,-0.7,1655,1546,1647,1554
14,8,9.8,1647,1554,1650,1551
-11,8,-7.7,1650,1551,1635,1565
25,4,31.7,1442,1100,1455,1087
25,3,32.49,1635,1100,1645,1090
-4,8,-2.8,1224,1400,1233,1391
-19,7,-13.36,1100,1501,1107,1494
3,8,2.1,1255,1400,1267,1388
-24,6,-18.11,1200,1418,1196,1423
-1,7,-0.7,1565,1171,1544,1192
-3,7,-2.1,1145,1302,1153,1294
2,7,1.4,1423,1494,1429,1488
15,8,10.51,1192,1294,1210,1276
-11,8,-7.7,1267,1391,1268,1390
-25,4,-31.7,1153,1544,1142,1556
-21,5,-16.42,1455,1645,1451,1649
25,4,31.7,1107,1196,1145,1158
-1,8,-0.7,1388,1233,1377,1244
25,5,25,1087,1090,1112,1065
-25,6,-19.42,1112,1244,1102,1254
-8,8,-5.6,1142,1377,1151,1368
12,8,8.4,1451,1145,1441,1154
-11,8,-7.7,1556,1488,1543,1500
-4,8,-2.8,1276,1268,1273,1271
-15,8,-10.51,1210,1390,1211,1389
-1,8,-0.7,1429,1649,1442,1636
-15,5,-10.59,1065,1158,1061,1162
-25,4,-31.7,1271,1211,1235,1247
14,8,9.8,1441,1442,1451,1432
-24,6,-18.11,1254,1500,1251,1503
-25,4,-31.7,1061,1151,1036,1176
-10,8,-7,1368,1543,1372,1539
4,8,2.8,1273,1154,1267,1160
20,7,14.09,1162,1102,1172,1092
4,8,2.8,1636,1389,1623,1401
-12,7,-8.4,1432,1503,1429,1507
4,8,2.8,1401,1247,1394,1255
19,8,13.33,1623,1251,1617,1258
-15,7,-10.51,1451,1539,1447,1543
4,8,2.8,1617,1394,1605,1405
11,8,7.7,1507,1543,1517,1533
9,8,6.3,1517,1605,1529,1593
-4,8,-2.8,1405,1533,1411,1527
-4,8,-2.8,1172,1160,1168,1163
17,8,11.91,1100,1100,1112,1088
12,7,8.4,1258,1176,1261,1174
-24,7,-17.18,1529,1593,1517,1606
25,7,18.04,1100,1100,1118,1082
25,6,19.42,1447,1100,1447,1100
25,4,31.7,1447,1100,1460,1087
25,4,31.7,1372,1100,1388,1085
21,5,16.42,1267,1100,1273,1095
-11,8,-7.7,1100,1142,1095,1147
18,7,12.64,1429,1429,1442,1416
21,8,14.75,1100,1100,1115,1085
-1,5,-0.7,1097,1088,1095,1089
19,8,13.33,1527,1517,1539,1504
8,6,5.6,1255,1174,1255,1174
-3,6,-2.1,1163,1100,1157,1107
-25,6,-19.42,1118,1147,1101,1164
0,8,0,1460,1273,1448,1285
-20,6,-14.25,1100,1115,1087,1128
-7,8,-4.9,1388,1442,1387,1443
-21,6,-15.09,1085,1448,1090,1443
-13,6,-9.11,1100,1090,1090,1099
-16,6,-11.24,1099,1200,1095,1204
17,6,11.97,1157,1095,1164,1088
21,5,16.42,1164,1095,1176,1083
-13,6,-9.11,1176,1454,1183,1447
-13,6,-9.11,1100,1539,1112,1527
17,6,11.97,1112,1128,1125,1115
-13,6,-9.11,1112,1387,1119,1379
-13,6,-9.11,1100,1125,1093,1133
-25,6,-19.42,1093,1527,1094,1525
-21,5,-16.42,1094,1168,1083,1180
-6,6,-4.2,1115,1083,1108,1090
-1,5,-0.7,1095,1095,1095,1096
-23,6,-16.98,1096,1204,1087,1214
-2,4,-1.4,1180,1133,1175,1137
-21,6,-15.09,1175,1525,1179,1521
2,6,1.4,1179,1108,1175,1112
10,5,7.01,1443,1087,1431,1099
25,4,31.7,1431,1090,1444,1077
19,5,13.98,1379,1107,1377,1109
19,5,13.98,1377,1443,1396,1424
-24,5,-22.37,1077,1099,1056,1120
-13,6,-9.11,1109,1119,1101,1128
-25,5,-25,1100,1128,1077,1151
-25,5,-25,1077,1396,1070,1402
-25,4,-31.7,1070,1101,1041,1130
24,5,22.37,1424,1151,1430,1145
25,4,31.7,1430,1130,1445,1116
19,5,13.98,1214,1100,1220,1094
-11,6,-7.7,1220,1444,1226,1437
25,5,25,1226,1056,1240,1043
-22,6,-15.99,1112,1521,1117,1517
-8,6,-5.6,1200,1174,1193,1181
19,6,13.46,1447,1088,1441,1094
-3,6,-2.1,1181,1183,1179,1185
20,5,15.09,1179,1094,1188,1085
-25,6,-19.42,1188,1441,1184,1445
-14,6,-9.82,1185,1445,1191,1439
-6,7,-4.2,1137,1240,1140,1237
10,8,7,1517,1402,1516,1403
-15,6,-10.53,1516,1437,1500,1453
-10,7,-7,1237,1439,1243,1433
1,5,0.7,1120,1175,1124,1171
25,3,32.49,1606,1255,1619,1241
6,8,4.2,1116,1145,1122,1138
16,8,11.21,1500,1261,1496,1264
25,3,32.49,1285,1100,1305,1079
25,5,25,1433,1082,1438,1076
21,5,16.42,1117,1087,1131,1073
25,5,25,1164,1085,1184,1065
3,6,2.1,1124,1083,1124,1084
21,6,15.09,1496,1095,1490,1100
-13,8,-9.1,1241,1429,1244,1425
19,5,13.98,1122,1085,1133,1073
19,6,13.46,1453,1171,1450,1174
25,5,25,1450,1184,1459,1176
25,3,32.49,1403,1089,1418,1075
19,7,13.36,1305,1124,1307,1122
12,6,8.41,1076,1073,1084,1065
-25,5,-25,1073,1065,1047,1091
15,6,10.53,1133,1184,1148,1170
-25,6,-19.42,1065,1100,1048,1117
4,8,2.8,1438,1490,1445,1484
-6,7,-4.2,1244,1131,1232,1143
17,6,11.97,1084,1079,1096,1068
-25,6,-19.42,1101,1138,1084,1155
-19,8,-13.33,1418,1619,1418,1619
23,7,16.36,1418,1264,1424,1258
14,8,9.8,1504,1424,1508,1420
4,8,2.8,1191,1084,1187,1089
-8,7,-5.6,1500,1508,1495,1513
9,8,6.3,1484,1459,1488,1454
6,7,4.2,1425,1416,1429,1413
-20,6,-14.25,1445,1420,1429,1436
4,8,2.8,1400,1307,1396,1310
3,8,2.1,1258,1176,1255,1179
-19,5,-13.98,1174,1187,1161,1200
24,5,22.37,1143,1148,1166,1125
-2,6,-1.4,1122,1117,1120,1119
-13,8,-9.1,1166,1436,1173,1428
-25,6,-19.42,1200,1488,1197,1491
9,8,6.3,1513,1429,1514,1429
5,8,3.5,1396,1255,1390,1261
-25,6,-19.42,1119,1310,1112,1317
14,7,9.81,1179,1120,1185,1115
-25,4,-31.7,1413,1495,1387,1521
-4,8,-2.8,1454,1429,1450,1433
-19,6,-13.46,1161,1125,1145,1141
5,8,3.5,1491,1428,1490,1429
-1,7,-0.7,1514,1390,1504,1399
-25,6,-19.42,1317,1521,1311,1527
-3,8,-2.1,1173,1185,1172,1186
-12,8,-8.4,1261,1429,1263,1426
-12,6,-8.41,1197,1141,1185,1153
24,6,18.11,1433,1112,1433,1112
20,6,14.25,1450,1115,1445,1119
20,7,14.09,1387,1145,1386,1146
-11,8,-7.7,1490,1399,1476,1413
-5,8,-3.5,1527,1429,1517,1440
24,7,17.18,1504,1186,1503,1187
-2,7,-1.4,1426,1433,1425,1434
-24,5,-22.37,1153,1445,1148,1451
-19,8,-13.33,1172,1311,1168,1315
16,6,11.24,1386,1263,1389,1261
23,6,16.98,1185,1112,1197,1100
-13,7,-9.11,1119,1146,1112,1153
-1,7,-0.7,1413,1315,1406,1322
9,7,6.3,1503,1451,1506,1448
-10,8,-7,1440,1517,1438,1518
9,8,6.3,1476,1434,1479,1431
21,7,14.82,1506,1322,1509,1320
-18,7,-12.64,1479,1518,1469,1528
19,6,13.46,1509,1528,1524,1513
24,5,22.37,1155,1100,1174,1082
-21,6,-15.09,1100,1090,1084,1106
-6,4,-4.2,1100,1100,1096,1104
-20,6,-14.25,1100,1084,1085,1100
8,6,5.6,1174,1106,1174,1105
25,4,31.7,1084,1082,1116,1050
6,5,4.2,1096,1100,1100,1095
-15,5,-10.59,1085,1104,1075,1113
25,3,32.49,1174,1116,1203,1087
8,3,5.62,1105,1050,1107,1048
23,6,16.98,1100,1075,1115,1060
-5,6,-3.5,1095,1113,1093,1116
17,8,11.91,1203,1107,1208,1101
15,8,10.51,1116,1115,1126,1105
25,3,32.49,1208,1126,1235,1099
13,7,9.11,1619,1438,1616,1441
8,8,5.6,1616,1441,1610,1447
7,8,4.9,1610,1447,1604,1453
9,8,6.3,1604,1453,1600,1457
4,8,2.8,1448,1457,1452,1454
-15,8,-10.51,1452,1454,1441,1464
7,8,4.9,1431,1193,1421,1203
-8,8,-5.6,1421,1203,1401,1222
-1,8,-0.7,1401,1222,1389,1235
25,5,25,1148,1168,1175,1141
25,5,25,1464,1099,1469,1094
25,6,19.42,1197,1112,1210,1099
25,4,31.7,1469,1210,1485,1194
7,8,4.9,1141,1194,1150,1186
11,6,7.7,1175,1099,1177,1096
-7,6,-4.9,1094,1096,1089,1101
2,7,1.4,1186,1389,1200,1374
25,4,31.7,1485,1150,1498,1137
14,7,9.81,1089,1137,1102,1124
12,6,8.41,1498,1177,1489,1187
22,6,15.99,1489,1320,1493,1315
21,5,16.42,1374,1124,1375,1123
-6,6,-4.2,1187,1102,1177,1113
21,5,16.42,1375,1315,1387,1303
-17,7,-11.93,1101,1123,1091,1133
-14,7,-9.81,1177,1303,1175,1304
25,3,32.49,1387,1175,1406,1157
25,5,25,1493,1091,1498,1086
5,8,3.5,1235,1113,1230,1117
6,8,4.2,1230,1133,1227,1136
25,7,18.04,1406,1117,1407,1116
-9,6,-6.3,1116,1086,1108,1095
-25,5,-25,1157,1227,1137,1247
25,7,18.04,1441,1136,1442,1135
1,9,0.7,1498,1442,1494,1445
20,7,14.09,1494,1445,1505,1434
-2,8,-1.4,1505,1434,1499,1441
-7,8,-4.9,1499,1441,1490,1450
-25,3,-32.49,1490,1450,1454,1485
25,5,25,1500,1100,1505,1095
22,6,15.99,1600,1153,1595,1158
-2,5,-1.4,1485,1137,1465,1157
21,4,22.76,1469,1100,1472,1097
24,5,22.37,1454,1100,1457,1097
17,6,11.97,1425,1261,1426,1260
25,6,19.42,1389,1100,1391,1098
15,8,10.51,1406,1247,1406,1247
20,8,14.04,1304,1100,1305,1099
17,7,11.93,1505,1391,1509,1387
-25,6,-19.42,1457,1595,1447,1605
16,6,11.24,1426,1406,1436,1396
21,8,14.75,1472,1305,1476,1301
-7,8,-4.9,1157,1247,1158,1246
24,8,16.94,1447,1097,1445,1099
4,8,2.8,1465,1260,1454,1270
14,6,9.82,1099,1097,1109,1087
2,6,1.4,1158,1099,1156,1102
17,7,11.93,1098,1095,1109,1084
25,7,18.04,1605,1509,1616,1497
25,5,25,1476,1093,1481,1088
3,5,2.1,1387,1454,1394,1447
24,6,18.11,1445,1396,1460,1381
16,5,11.35,1301,1158,1303,1157
-25,4,-31.7,1109,1246,1086,1268
-25,5,-25,1109,1156,1088,1177
10,8,7,1270,1102,1266,1106
-5,8,-3.5,1087,1084,1083,1087
15,8,10.51,1616,1481,1617,1480
-3,8,-2.1,1460,1497,1460,1497
-15,8,-10.51,1268,1303,1260,1311
21,7,14.82,1394,1088,1391,1091
-20,7,-14.09,1177,1447,1179,1445
12,7,8.4,1266,1157,1267,1156
25,7,18.04,1381,1086,1382,1086
2,7,1.4,1088,1083,1089,1082
-12,8,-8.4,1087,1106,1080,1113
18,8,12.62,1617,1391,1616,1393
-17,5,-12.15,1480,1497,1469,1508
-2,7,-1.4,1311,1445,1319,1437
6,8,4.2,1460,1260,1452,1269
-21,6,-15.09,1267,1382,1260,1389
-25,8,-17.7,1091,1179,1079,1191
-12,8,-8.4,1080,1156,1077,1159
-6,7,-4.2,1089,1086,1084,1090
-25,5,-25,1082,1113,1060,1136
25,5,25,1616,1319,1623,1311
14,7,9.81,1469,1508,1481,1495
6,8,4.2,1623,1481,1618,1487
18,7,12.64,1495,1311,1496,1310
16,8,11.21,1437,1079,1429,1088
19,8,13.33,1393,1090,1389,1094
25,8,17.7,1407,1100,1407,1100
15,8,10.51,1310,1100,1307,1103
13,8,9.1,1269,1095,1266,1097
17,8,11.91,1260,1108,1261,1106
19,8,13.33,1232,1136,1239,1129
8,8,5.6,1187,1159,1191,1156
-3,8,-2.1,1407,1389,1404,1392
-14,8,-9.8,1239,1191,1226,1204
16,8,11.21,1261,1429,1284,1407
-8,8,-5.6,1307,1266,1299,1275
22,8,15.47,1487,1191,1485,1192
25,8,17.7,1156,1100,1169,1086
25,8,17.7,1097,1103,1115,1085
-1,8,-0.7,1088,1106,1088,1106
-2,8,-1.4,1094,1129,1095,1128
25,8,17.7,1135,1100,1151,1085
-13,8,-9.1,1204,1284,1201,1287
-10,8,-7,1485,1392,1471,1406
-14,8,-9.8,1275,1404,1274,1405
20,8,14.04,1169,1115,1179,1105
20,8,14.04,1299,1151,1303,1147
-4,8,-2.8,1226,1407,1235,1398
2,8,1.4,1192,1106,1188,1110
15,8,10.51,1128,1088,1136,1081
10,8,7,1095,1086,1102,1080
-3,8,-2.1,1085,1085,1083,1087
3,8,2.1,1287,1406,1298,1395
2,8,1.4,1179,1405,1195,1389
-15,8,-10.51,1303,1471,1304,1471
-14,8,-9.8,1201,1274,1196,1279
15,8,10.51,1398,1136,1392,1141
-17,8,-11.91,1188,1235,1179,1243
-12,8,-8.4,1105,1102,1096,1110
23,8,16.2,1147,1110,1160,1097
15,8,10.51,1087,1081,1097,1071
17,8,11.91,1083,1080,1095,1068
4,8,2.8,1298,1195,1293,1199
20,8,14.04,1471,1279,1472,1277
-4,8,-2.8,1395,1392,1392,1395
25,8,17.7,1389,1243,1397,1236
13,8,9.1,1304,1196,1305,1195
16,8,11.21,1160,1110,1168,1103
-16,8,-11.21,1141,1179,1133,1188
10,8,7,1097,1096,1104,1089
-25,8,-17.7,1095,1097,1077,1114
-8,8,-5.6,1071,1068,1065,1074
24,8,16.94,1472,1293,1477,1288
16,8,11.21,1477,1288,1476,1289
25,5,25,1452,1060,1456,1055
21,7,14.82,1392,1074,1389,1077
23,5,20.03,1397,1084,1399,1082
25,5,25,1400,1101,1408,1094
24,6,18.11,1305,1089,1310,1085
8,7,5.6,1289,1100,1282,1107
25,5,25,1199,1100,1217,1082
-3,6,-2.1,1195,1100,1186,1109
1,8,0.7,1188,1100,1182,1105
4,8,2.8,1103,1104,1106,1101
-12,7,-8.4,1456,1389,1443,1402
8,7,5.6,1399,1310,1398,1310
7,8,4.9,1282,1217,1283,1217
-11,8,-7.7,1182,1168,1174,1177
19,6,13.46,1106,1100,1119,1087
13,8,9.1,1101,1109,1111,1099
8,6,5.6,1105,1107,1111,1101
-24,5,-22.37,1082,1085,1060,1107
25,4,31.7,1094,1082,1125,1051
20,4,20,1077,1055,1096,1036
-15,6,-10.53,1398,1408,1388,1417
-13,8,-9.1,1283,1443,1284,1441
-11,4,-7.74,1096,1111,1089,1118
4,8,2.8,1402,1177,1391,1188
-8,6,-5.6,1107,1186,1107,1186
25,7,18.04,1174,1119,1188,1105
-21,7,-14.82,1111,1310,1109,1312
-13,8,-9.1,1125,1099,1114,1110
-25,4,-31.7,1087,1051,1053,1086
13,5,9.13,1060,1036,1067,1029
25,8,17.7,1417,1217,1422,1213
11,8,7.7,1441,1118,1431,1128
25,6,19.42,1391,1188,1397,1181
24,6,18.11,1186,1284,1211,1259
16,5,11.35,1312,1089,1309,1092
1,6,0.7,1188,1101,1183,1107
-19,5,-13.98,1086,1105,1073,1117
-24,7,-17.18,1109,1114,1092,1131
-5,7,-3.5,1053,1029,1047,1034
23,7,16.36,1422,1388,1436,1374
-2,8,-1.4,1436,1374,1430,1380
-19,7,-13.36,1430,1380,1413,1397
25,4,31.7,1476,1100,1488,1088
9,6,6.3,1431,1107,1419,1119
25,4,31.7,1436,1100,1449,1087
16,8,11.21,1397,1077,1390,1084
21,6,15.09,1397,1100,1395,1102
25,4,31.7,1277,1100,1297,1080
22,8,15.47,1259,1100,1264,1095
-21,5,-16.42,1236,1400,1230,1405
3,8,2.1,1243,1092,1235,1100
19,6,13.46,1213,1131,1220,1123
-9,5,-6.3,1181,1100,1169,1112
-2,8,-1.4,1183,1107,1176,1114
19,7,13.36,1133,1067,1142,1059
-4,8,-2.8,1128,1117,1125,1121
12,8,8.4,1488,1449,1493,1443
-1,8,-0.7,1297,1264,1294,1267
19,6,13.46,1395,1405,1409,1391
-8,6,-5.6,1220,1142,1209,1153
13,8,9.1,1390,1419,1401,1408
-3,7,-2.1,1112,1121,1111,1122
2,6,1.4,1235,1114,1228,1121
-5,8,-3.5,1176,1100,1167,1109
-6,6,-4.2,1125,1119,1120,1123
24,6,18.11,1169,1084,1181,1072
-4,8,-2.8,1123,1059,1115,1066
-1,6,-0.7,1102,1230,1110,1222
25,5,25,1095,1088,1120,1064
10,5,7.01,1087,1080,1093,1074
-5,8,-3.5,1409,1493,1412,1491
25,5,25,1401,1153,1411,1143
16,8,11.21,1267,1122,1269,1121
-20,6,-14.25,1228,1294,1218,1304
-7,6,-4.9,1181,1443,1192,1432
8,6,5.6,1209,1111,1208,1112
-15,6,-10.53,1120,1391,1126,1385
7,8,4.9,1109,1121,1115,1115
25,4,31.7,1123,1093,1153,1064
-25,3,-32.49,1066,1408,1052,1421
-8,6,-5.6,1222,1167,1213,1177
13,7,9.11,1120,1110,1129,1102
15,6,10.53,1115,1074,1123,1066
19,7,13.36,1072,1064,1085,1051
-25,5,-25,1411,1491,1392,1510
-20,7,-14.09,1269,1412,1264,1416
23,6,16.98,1304,1153,1310,1146
17,8,11.91,1421,1432,1434,1419
-14,7,-9.81,1208,1385,1210,1383
21,6,15.09,1115,1143,1132,1126
-10,8,-7,1121,1218,1121,1219
-5,6,-3.5,1192,1129,1184,1137
18,6,12.71,1177,1112,1185,1104
1,8,0.7,1115,1123,1116,1122
-15,7,-10.51,1126,1085,1112,1098
16,7,11.22,1213,1064,1214,1063
-2,7,-1.4,1052,1102,1054,1100
18,5,13.01,1066,1051,1078,1039
12,8,8.4,1510,1310,1506,1315
21,7,14.82,1416,1434,1432,1418
14,7,9.81,1383,1132,1378,1138
-10,8,-7,1392,1264,1376,1280
-18,7,-12.64,1219,1185,1203,1200
21,7,14.82,1137,1210,1157,1190
14,6,9.82,1419,1146,1413,1153
25,6,19.42,1116,1098,1135,1080
1,7,0.7,1214,1126,1208,1131
-18,7,-12.64,1121,1184,1113,1192
-19,7,-13.36,1122,1104,1107,1118
13,8,9.1,1112,1078,1119,1071
12,8,8.4,1100,1063,1106,1057
25,5,25,1054,1039,1078,1015
18,8,12.62,1506,1432,1513,1425
25,5,25,1513,1425,1532,1406
9,8,6.3,1406,1200,1399,1207
-6,5,-4.2,1110,1135,1108,1137
12,5,8.42,1119,1100,1126,1093
-8,8,-5.6,1157,1378,1165,1369
-20,6,-14.25,1170,1200,1158,1212
-4,5,-2.8,1413,1190,1396,1207
25,4,31.7,1153,1071,1179,1045
-16,8,-11.21,1100,1211,1097,1214
22,6,15.99,1057,1100,1076,1081
25,4,31.7,1532,1100,1542,1089
-22,7,-15.58,1376,1618,1375,1618
-25,3,-32.49,1100,1395,1085,1410
18,7,12.64,1418,1138,1414,1142
11,5,7.71,1092,1106,1101,1097
-18,6,-12.71,1100,1100,1087,1113
-22,4,-25.43,1100,1100,1075,1125
-25,4,-31.7,1179,1542,1166,1555
13,8,9.1,1410,1076,1401,1086
22,7,15.58,1618,1125,1612,1132
-22,8,-15.47,1212,1414,1209,1416
-13,7,-9.11,1113,1214,1111,1216
-9,6,-6.3,1126,1101,1118,1109
-4,5,-2.8,1100,1100,1097,1103
-15,6,-10.53,1399,1369,1386,1382
-17,6,-11.97,1137,1207,1130,1214
18,6,12.71,1396,1108,1391,1112
-2,7,-1.4,1165,1207,1167,1206
-19,7,-13.36,1078,1131,1069,1141
20,5,15.09,1097,1093,1112,1078
16,8,11.21,1097,1142,1111,1127
-15,6,-10.53,1087,1158,1082,1163
-25,4,-31.7,1081,1375,1066,1390
-24,6,-18.11,1075,1045,1054,1066
9,6,6.3,1089,1085,1095,1079
-24,7,-17.18,1555,1612,1542,1625
8,8,5.6,1416,1401,1421,1396
-19,7,-13.36,1216,1382,1214,1384
9,6,6.3,1214,1109,1213,1110
-25,3,-32.49,1103,1391,1087,1407
-9,7,-6.3,1086,1141,1083,1143
19,6,13.46,1112,1097,1124,1085
10,8,7,1100,1118,1108,1109
14,5,9.85,1390,1166,1385,1171
-1,8,-0.7,1132,1111,1130,1113
-25,4,-31.7,1066,1209,1044,1231
-21,7,-14.82,1163,1386,1162,1387
20,6,14.25,1206,1130,1214,1121
-25,6,-19.42,1095,1167,1081,1181
25,6,19.42,1112,1069,1128,1052
-8,5,-5.6,1078,1082,1073,1087
25,3,32.49,1127,1079,1156,1050
1,4,0.7,1054,1066,1056,1065
22,7,15.58,1625,1421,1627,1418
24,5,22.37,1384,1213,1395,1202
14,7,9.81,1407,1396,1416,1387
-18,6,-12.71,1124,1542,1132,1533
8,8,5.6,1231,1143,1231,1144
25,5,25,1385,1111,1394,1102
25,5,25,1387,1110,1395,1101
1,8,0.7,1214,1214,1215,1213
21,5,16.42,1113,1087,1128,1073
24,6,18.11,1181,1128,1195,1114
-25,6,-19.42,1083,1130,1067,1146
-3,7,-2.1,1109,1156,1111,1155
-10,6,-7,1085,1171,1084,1172
3,5,2.1,1087,1044,1086,1045
12,5,8.42,1162,1121,1168,1116
25,6,19.42,1081,1056,1099,1038
-11,4,-7.74,1073,1065,1064,1073
23,6,16.98,1052,1050,1069,1033
8,7,5.6,1627,1395,1618,1404
10,8,7,1416,1533,1431,1518
-18,5,-13.01,1394,1395,1381,1408
24,5,22.37,1231,1128,1246,1113
9,7,6.3,1418,1215,1411,1222
6,7,4.2,1202,1195,1205,1192
13,8,9.1,1146,1387,1170,1363
-18,6,-12.71,1132,1144,1120,1156
2,6,1.4,1213,1172,1212,1173
4,9,2.8,1155,1102,1154,1103
3,7,2.1,1101,1168,1108,1161
12,7,8.4,1099,1086,1106,1079
-7,8,-4.9,1073,1111,1071,1113
25,6,19.42,1114,1084,1131,1067
25,5,25,1067,1045,1091,1021
21,5,16.42,1069,1073,1086,1056
20,6,14.25,1116,1038,1124,1030
12,4,8.47,1064,1033,1071,1027
25,5,25,1618,1170,1622,1167
25,6,19.42,1431,1205,1436,1200
1,8,0.7,1404,1411,1405,1410
10,8,7,1408,1246,1404,1250
15,8,10.51,1622,1404,1618,1408
6,8,4.2,1436,1405,1438,1403
12,8,8.4,1618,1438,1615,1442
-21,6,-15.09,1212,1615,1217,1609
-5,8,-3.5,1113,1217,1116,1213
-1,8,-0.7,1213,1116,1206,1124
15,7,10.51,1496,1609,1514,1591
15,8,10.51,1514,1591,1530,1575
-2,9,-1.4,1530,1575,1532,1573
20,7,14.09,1410,1573,1435,1548
-1,8,-0.7,1206,1124,1199,1130
14,7,9.81,1130,1199,1145,1185
12,8,8.4,1548,1435,1549,1435
14,8,9.8,1549,1435,1551,1433
-12,8,-8.4,1551,1433,1534,1449
1,8,0.7,1408,1185,1394,1198
24,8,16.94,1394,1198,1398,1194
25,7,18.04,1398,1194,1403,1189
25,4,31.7,1534,1449,1560,1424
16,6,11.24,1560,1424,1562,1422
11,8,7.7,1562,1422,1560,1424
21,6,15.09,1560,1424,1566,1418
4,8,2.8,1566,1418,1558,1425
-8,8,-5.6,1425,1403,1418,1410
17,6,11.97,1079,1100,1092,1086
19,7,13.36,1156,1091,1165,1082
17,8,11.91,1192,1103,1198,1098
-25,4,-31.7,1100,1403,1086,1418
-15,5,-10.59,1030,1113,1025,1117
-25,5,-25,1100,1192,1081,1210
17,8,11.91,1280,1167,1284,1163
-13,8,-9.1,1315,1250,1301,1264
20,5,15.09,1173,1056,1180,1050
11,8,7.7,1300,1140,1297,1143
-24,6,-18.11,1015,1222,1010,1227
-5,8,-3.5,1363,1518,1370,1511
-19,8,-13.33,1113,1131,1101,1143
25,5,25,1442,1071,1447,1065
-10,8,-7,1154,1106,1144,1117
-4,8,-2.8,1418,1210,1401,1226
-6,5,-4.2,1447,1227,1429,1245
17,5,12.15,1180,1165,1191,1154
25,7,18.04,1143,1092,1158,1078
15,7,10.51,1198,1284,1215,1267
-16,7,-11.22,1117,1264,1116,1265
16,8,11.21,1297,1189,1301,1185
-25,4,-31.7,1117,1410,1102,1425
16,7,11.22,1511,1418,1516,1413
-25,6,-19.42,1144,1143,1124,1163
25,5,25,1301,1025,1310,1016
-25,3,-32.49,1086,1098,1055,1129
20,6,14.25,1163,1082,1171,1073
-1,7,-0.7,1101,1050,1096,1054
23,8,16.2,1010,1086,1032,1064
-14,7,-9.81,1081,1065,1070,1076
-17,6,-11.97,1191,1215,1181,1225
8,8,5.6,1245,1265,1252,1258
10,8,7,1301,1158,1298,1160
-11,6,-7.7,1425,1401,1416,1411
20,8,14.04,1516,1429,1524,1421
6,8,4.2,1267,1226,1269,1225
-14,8,-9.8,1163,1310,1163,1309
-21,6,-15.09,1129,1370,1129,1370
2,7,1.4,1154,1116,1152,1117
-20,5,-15.09,1032,1185,1027,1190
-13,7,-9.11,1078,1102,1070,1109
-9,6,-6.3,1054,1171,1056,1169
-25,5,-25,1076,1413,1070,1420
25,4,31.7,1096,1064,1126,1035
17,8,11.91,1073,1070,1085,1059
11,8,7.7,1016,1055,1027,1044
-23,8,-16.2,1225,1298,1214,1309
14,8,9.8,1524,1252,1517,1259
25,4,31.7,1411,1258,1432,1236
23,6,16.98,1416,1181,1418,1179
8,8,5.6,1309,1370,1319,1360
-20,6,-14.25,1190,1169,1174,1185
-1,7,-0.7,1152,1109,1148,1113
-4,8,-2.8,1421,1420,1418,1422
-2,7,-1.4,1163,1225,1166,1222
25,6,19.42,1117,1129,1138,1109
5,7,3.5,1027,1056,1033,1050
-9,7,-6.3,1070,1085,1065,1090
-1,8,-0.7,1126,1124,1125,1125
1,8,0.7,1044,1059,1046,1057
-19,6,-13.46,1309,1432,1304,1437
9,8,6.3,1517,1418,1517,1418
-16,5,-11.35,1214,1259,1206,1267
-2,8,-1.4,1160,1113,1156,1118
-5,8,-3.5,1185,1319,1191,1314
-16,8,-11.21,1236,1269,1228,1278
25,5,25,1422,1148,1431,1140
-13,5,-9.13,1179,1174,1169,1184
2,8,1.4,1360,1222,1352,1230
-25,5,-25,1033,1138,1015,1155
-13,8,-9.1,1090,1125,1084,1132
-21,4,-22.76,1070,1166,1054,1182
25,4,31.7,1418,1065,1431,1053
-14,8,-9.8,1050,1109,1045,1114
-5,8,-3.5,1035,1046,1032,1049
25,6,19.42,1517,1206,1518,1204
10,7,7,1437,1418,1443,1413
13,8,9.1,1304,1314,1314,1304
20,6,14.25,1267,1118,1271,1114
20,8,14.04,1518,1271,1517,1272
18,8,12.62,1443,1314,1446,1310
1,8,0.7,1517,1446,1513,1451
-24,8,-16.94,1156,1228,1144,1239
16,8,11.21,1191,1155,1199,1147
16,5,11.35,1352,1132,1350,1134
20,8,14.04,1278,1184,1285,1176
2,8,1.4,1239,1285,1244,1280
9,8,6.3,1199,1350,1216,1333
-13,7,-9.11,1244,1216,1233,1227
2,8,1.4,1145,1176,1149,1173
11,8,7.7,1149,1173,1158,1163
6,8,4.2,1558,1431,1554,1436
16,8,11.21,1554,1436,1557,1433
17,7,11.93,1557,1433,1560,1429
2,7,1.4,1233,1100,1225,1108
20,7,14.09,1451,1107,1446,1112
25,4,31.7,1400,1100,1414,1086
12,8,8.4,1227,1080,1225,1082
5,8,3.5,1309,1134,1301,1142
25,3,32.49,1429,1084,1443,1070
6,6,4.2,1200,1140,1200,1140
24,5,22.37,1513,1065,1514,1064
25,4,31.7,1280,1100,1300,1080
25,4,31.7,1163,1071,1189,1046
25,4,31.7,1203,1021,1223,1002
25,3,32.49,1169,1100,1197,1072
14,7,9.81,1304,1053,1298,1058
25,3,32.49,1381,1100,1397,1084
21,5,16.42,1204,1124,1215,1114
-7,8,-4.9,1414,1443,1411,1446
21,8,14.75,1300,1189,1307,1182
24,6,18.11,1223,1147,1236,1134
-7,6,-4.9,1197,1397,1205,1389
9,7,6.3,1514,1215,1502,1226
17,6,11.97,1446,1298,1448,1296
-23,6,-16.98,1200,1225,1185,1241
18,7,12.64,1301,1225,1308,1218
-15,7,-10.51,1108,1142,1100,1150
20,7,14.09,1140,1082,1150,1072
-18,7,-12.64,1058,1112,1049,1121
14,6,9.82,1114,1064,1120,1058
20,8,14.04,1100,1070,1112,1058
-1,5,-0.7,1080,1046,1077,1049
20,5,15.09,1002,1072,1022,1052
-25,4,-31.7,1236,1448,1218,1466
19,5,13.98,1389,1185,1389,1184
-14,8,-9.8,1308,1307,1299,1317
-6,9,-4.2,1502,1446,1494,1454
25,4,31.7,1411,1226,1431,1207
-5,7,-3.5,1182,1205,1180,1207
-20,7,-14.09,1150,1150,1136,1164
24,5,22.37,1134,1084,1153,1065
-5,8,-3.5,1121,1296,1129,1288
-25,3,-32.49,1022,1241,1003,1259
10,8,7,1218,1112,1218,1112
25,5,25,1120,1049,1140,1029
-12,6,-8.41,1077,1058,1067,1067
-8,8,-5.6,1058,1100,1056,1102
-5,7,-3.5,1072,1049,1067,1055
-9,7,-6.3,1466,1389,1454,1401
25,5,25,1454,1317,1469,1301
-7,8,-4.9,1299,1218,1288,1228
-11,6,-7.7,1184,1431,1192,1423
12,7,8.4,1494,1207,1486,1215
19,8,13.33,1288,1164,1293,1160
-6,8,-4.2,1218,1153,1209,1162
-14,7,-9.81,1140,1259,1138,1261
18,8,12.62,1180,1129,1189,1120
25,3,32.49,1207,1065,1229,1043
-25,5,-25,1003,1136,987,1152
-25,8,-17.7,1102,1112,1085,1129
25,4,31.7,1067,1052,1098,1022
20,4,20,1055,1029,1073,1011
-25,3,-32.49,1067,1056,1034,1089
-3,8,-2.1,1469,1401,1463,1408
20,8,14.04,1454,1423,1466,1412
21,7,14.82,1486,1228,1485,1229
-5,8,-3.5,1301,1293,1297,1297
-10,8,-7,1162,1261,1162,1261
14,6,9.82,1192,1215,1203,1204
11,8,7.7,1288,1229,1291,1226
5,8,3.5,1160,1138,1162,1136
-25,7,-18.04,1209,1189,1189,1208
18,8,12.62,1129,1152,1144,1138
-11,5,-7.71,1098,1073,1088,1082
21,6,15.09,1120,1043,1130,1033
-4,3,-2.8,987,1067,990,1064
25,4,31.7,1089,1011,1115,984
25,8,17.7,1085,1022,1099,1009
-23,7,-16.36,1408,1203,1379,1233
14,8,9.8,1466,1412,1472,1406
25,6,19.42,1463,1261,1469,1254
-25,4,-31.7,1297,1485,1278,1504
-19,5,-13.98,1233,1504,1235,1502
-5,8,-3.5,1472,1469,1468,1473
15,6,10.53,1502,1473,1510,1464
2,8,1.4,1297,1162,1289,1169
-1,8,-0.7,1229,1208,1227,1210
5,7,3.5,1162,1082,1160,1084
-12,8,-8.4,1289,1291,1281,1300
9,8,6.3,1210,1160,1213,1157
-11,7,-7.7,1213,1300,1211,1301
12,8,8.4,1560,1211,1549,1222
19,6,13.46,1549,1222,1545,1227
19,5,13.98,1545,1227,1540,1231
18,8,12.62,1540,1231,1535,1236
20,6,14.25,1535,1236,1532,1240
25,5,25,1532,1281,1542,1272
21,5,16.42,1542,1272,1542,1271
18,6,12.71,1542,1271,1538,1275
24,5,22.37,1538,1275,1545,1269
25,5,25,1545,1269,1553,1260
-4,8,-2.8,1379,1260,1368,1271
2,8,1.4,1368,1271,1362,1277
11,8,7.7,1362,1277,1364,1275
-17,8,-11.91,1364,1275,1346,1293
9,8,6.3,1293,1346,1303,1336
-7,8,-4.9,1303,1336,1301,1338
-7,8,-4.9,1301,1338,1298,1340
12,8,8.4,1298,1340,1310,1329
7,8,4.9,1329,1310,1332,1306
1,8,0.7,1332,1306,1331,1307
4,8,2.8,1331,1307,1332,1306
6,8,4.2,1306,1332,1312,1326
15,8,10.51,1144,1235,1160,1218
-18,7,-12.64,1160,1218,1152,1226
5,8,3.5,1326,1312,1329,1310
11,7,7.7,1310,1329,1319,1320
15,8,10.51,1320,1319,1330,1309
2,8,1.4,1330,1309,1330,1309
2,8,1.4,1309,1330,1312,1327
17,7,11.93,1327,1312,1338,1301
6,8,4.2,1338,1301,1339,1299
24,5,22.37,1339,1299,1359,1280
-10,8,-7,1359,1280,1346,1292
8,8,5.6,1226,1152,1227,1152
24,8,16.94,1227,1152,1238,1140
25,5,25,1140,1130,1164,1105
9,7,6.3,1164,1105,1166,1103
-4,8,-2.8,1166,1103,1159,1110
25,5,25,1346,1292,1367,1271
20,6,14.25,1367,1271,1375,1264
5,8,3.5,1375,1264,1371,1268
24,6,18.11,1371,1268,1382,1257
10,8,7,1382,1257,1380,1259
4,8,2.8,1259,1380,1270,1369
11,8,7.7,1369,1270,1370,1269
9,8,6.3,1370,1269,1369,1270
10,8,7,1369,1270,1369,1270
21,7,14.82,1369,1270,1377,1262
25,8,17.7,1377,1262,1387,1252
21,8,14.75,1387,1252,1392,1247
14,8,9.8,1247,1392,1266,1372
19,8,13.33,1372,1266,1378,1260
1,8,0.7,1378,1260,1371,1268
18,8,12.62,1268,1371,1288,1351
-14,8,-9.8,1238,1159,1223,1174
-17,8,-11.91,1223,1174,1207,1190
21,8,14.75,1288,1351,1307,1332
22,8,15.47,1307,1240,1318,1229
12,8,8.4,1318,1229,1320,1227
4,8,2.8,1320,1227,1316,1230
1,8,0.7,1316,1332,1318,1330
15,5,10.59,1500,1190,1493,1197
-5,8,-3.5,1493,1197,1472,1218
-12,8,-8.4,1472,1218,1448,1242
1,8,0.7,1318,1330,1319,1328
-16,6,-11.24,1319,1328,1309,1339
-2,8,-1.4,1309,1339,1310,1338
12,7,8.4,1310,1338,1320,1328
2,8,1.4,1320,1328,1322,1326
24,7,17.18,1242,1448,1272,1417
4,9,2.8,1272,1417,1285,1405
16,7,11.22,1322,1326,1334,1314
-2,8,-1.4,1334,1254,1327,1261
4,8,2.8,1327,1261,1325,1263
17,7,11.93,1325,1263,1332,1256
20,8,14.04,1285,1110,1287,1108
4,8,2.8,1287,1108,1278,1117
7,8,4.9,1278,1117,1272,1123
10,8,7,1272,1123,1269,1126
-25,5,-25,1332,1464,1316,1480
-23,5,-20.03,1316,1480,1307,1489
16,7,11.22,1307,1489,1330,1466
-19,6,-13.46,1330,1466,1326,1470
-21,7,-14.82,1326,1470,1321,1475
-16,8,-11.21,1321,1475,1320,1476
8,8,5.6,1320,1314,1326,1309
7,8,4.9,1326,1309,1329,1305
1,8,0.7,1329,1305,1328,1306
-25,4,-31.7,1328,1306,1295,1340
21,6,15.09,1269,1405,1294,1380
23,5,20.03,1294,1380,1320,1354
-3,8,-2.1,1320,1354,1320,1354
8,8,5.6,1320,1354,1328,1346
8,8,5.6,1328,1346,1335,1339
19,7,13.36,1476,1340,1480,1336
14,8,9.8,1480,1295,1478,1297
15,8,10.51,1553,1297,1548,1303
4,8,2.8,1303,1336,1308,1331
9,8,6.3,1308,1331,1316,1323
4,8,2.8,1316,1323,1319,1319
10,8,7,1319,1319,1326,1312
14,8,9.8,1312,1230,1316,1226
22,5,18.05,1316,1226,1328,1215
8,8,5.6,1478,1548,1488,1537
6,8,4.2,1488,1537,1496,1530
-2,7,-1.4,1496,1530,1497,1529
-1,8,-0.7,1328,1326,1327,1327
-21,6,-15.09,1327,1327,1312,1342
-3,8,-2.1,1312,1342,1312,1342
23,6,16.98,1497,1529,1516,1509
11,8,7.7,1516,1509,1523,1502
6,8,4.2,1523,1502,1526,1499
-6,8,-4.2,1312,1342,1310,1344
-1,8,-0.7,1310,1344,1312,1342
14,7,9.81,1312,1342,1324,1330
25,5,25,1335,1272,1356,1252
-13,8,-9.1,1356,1252,1339,1268
-3,8,-2.1,1324,1330,1322,1332
-14,8,-9.8,1322,1332,1313,1341
-20,5,-15.09,1313,1341,1300,1354
-5,8,-3.5,1300,1354,1300,1354
15,6,10.53,1300,1354,1315,1339
18,8,12.62,1315,1339,1329,1325
5,8,3.5,1329,1325,1332,1322
1,8,0.7,1332,1322,1332,1322
18,6,12.71,1332,1322,1344,1310
1,8,0.7,1344,1310,1342,1312
-9,8,-6.3,1342,1312,1334,1320
21,7,14.82,1526,1499,1539,1487
4,8,2.8,1487,1539,1493,1532
17,5,12.15,1493,1532,1508,1517
9,8,6.3,1508,1517,1515,1510
16,8,11.21,1515,1510,1526,1500
8,8,5.6,1526,1500,1530,1496
-5,9,-3.5,1334,1320,1329,1325
-13,7,-9.11,1329,1325,1320,1334
4,8,2.8,1320,1334,1324,1330
-4,9,-2.8,1324,1330,1321,1333
25,4,31.7,1278,1204,1304,1177
25,5,25,1413,1100,1420,1093
15,7,10.51,1510,1230,1504,1236
25,4,31.7,1500,1215,1515,1200
25,5,25,1321,1136,1334,1123
10,7,7,1304,1420,1319,1405
21,6,15.09,1515,1334,1518,1331
25,6,19.42,1504,1177,1505,1176
19,4,17.4,1236,1093,1244,1085
12,5,8.42,1200,1123,1203,1120
9,8,6.3,1518,1505,1523,1500
13,8,9.1,1319,1331,1329,1321
-17,6,-11.97,1405,1244,1382,1267
18,7,12.64,1203,1176,1214,1166
2,7,1.4,1120,1085,1119,1086
19,6,13.46,1523,1329,1524,1328
19,6,13.46,1500,1214,1496,1217
-4,8,-2.8,1267,1321,1268,1320
19,7,13.36,1382,1119,1379,1122
21,6,15.09,1166,1086,1175,1077
9,8,6.3,1431,1200,1422,1208
25,4,31.7,1496,1208,1511,1193
19,8,13.33,1333,1099,1332,1100
17,8,11.91,1339,1268,1346,1261
9,7,6.3,1333,1339,1339,1332
25,4,31.7,1511,1332,1530,1312
16,7,11.22,1346,1422,1363,1406
6,8,4.2,1339,1208,1335,1213
16,7,11.22,1332,1261,1339,1255
3,6,2.1,1100,1193,1109,1185
11,8,7.7,1530,1363,1527,1366
25,7,18.04,1335,1312,1351,1295
-4,7,-2.8,1339,1406,1341,1404
-18,6,-12.71,1109,1213,1103,1218
-18,6,-12.71,1185,1255,1177,1263
24,5,22.37,1527,1351,1538,1340
15,8,10.51,1366,1341,1375,1332
-8,9,-5.6,1295,1404,1297,1402
-18,5,-13.01,1103,1263,1101,1265
25,5,25,1218,1177,1240,1155
13,5,9.13,1524,1402,1525,1401
10,8,7,1525,1401,1523,1403
-9,8,-6.3,1328,1375,1325,1378
-8,8,-5.6,1325,1378,1323,1380
14,7,9.81,1496,1340,1495,1341
8,7,5.6,1495,1341,1491,1346
-25,4,-31.7,1320,1538,1302,1555
-18,8,-12.62,1302,1555,1305,1552
6,8,4.2,1523,1380,1518,1385
21,7,14.82,1518,1385,1523,1379
5,8,3.5,1491,1552,1499,1545
-1,6,-0.7,1499,1545,1501,1542
-16,7,-11.22,1501,1542,1493,1550
11,8,7.7,1403,1323,1405,1321
12,8,8.4,1405,1321,1407,1319
9,6,6.3,1346,1305,1349,1302
-17,6,-11.97,1349,1302,1334,1317
12,7,8.4,1334,1317,1341,1310
4,8,2.8,1523,1550,1528,1546
-12,8,-8.4,1528,1546,1521,1553
17,8,11.91,1521,1553,1535,1539
24,6,18.11,1407,1341,1421,1328
21,7,14.82,1421,1328,1429,1319
-12,7,-8.4,1493,1379,1477,1396
25,5,25,1477,1396,1496,1376
16,7,11.22,1496,1376,1499,1373
-20,6,-14.25,1319,1310,1304,1325
23,6,16.98,1304,1325,1322,1306
-1,8,-0.7,1322,1306,1321,1308
5,8,3.5,1539,1530,1541,1527
-2,8,-1.4,1541,1527,1539,1529
-8,8,-5.6,1539,1529,1533,1536
20,5,15.09,1536,1217,1532,1220
20,6,14.25,1532,1220,1529,1224
21,6,15.09,1529,1224,1526,1226
22,5,18.05,1526,1226,1527,1226
14,7,9.81,1535,1308,1531,1313
25,5,25,1531,1313,1542,1302
12,8,8.4,1542,1302,1535,1308
-4,8,-2.8,1533,1527,1529,1530
-15,7,-10.51,1529,1530,1519,1541
12,7,8.4,1519,1541,1529,1531
-8,8,-5.6,1529,1531,1523,1536
-5,8,-3.5,1523,1536,1521,1539
3,8,2.1,1521,1539,1524,1535
6,8,4.2,1319,1308,1323,1305
25,5,25,1524,1305,1535,1294
25,4,31.7,1535,1499,1564,1470
25,4,31.7,1535,1226,1549,1212
19,7,13.36,1373,1212,1376,1209
20,5,15.09,1549,1294,1549,1294
18,7,12.64,1535,1376,1537,1374
21,5,16.42,1294,1332,1313,1313
16,7,11.22,1537,1549,1549,1537
21,5,16.42,1564,1209,1561,1212
20,6,14.25,1549,1323,1549,1323
12,7,8.4,1313,1212,1315,1211
19,7,13.36,1374,1470,1394,1450
21,6,15.09,1394,1211,1397,1208
5,8,3.5,1537,1561,1542,1556
5,8,3.5,1542,1556,1546,1552
15,5,10.59,1546,1552,1557,1541
-1,8,-0.7,1557,1541,1555,1543
21,6,15.09,1549,1450,1557,1442
19,7,13.36,1557,1442,1563,1436
25,6,19.42,1563,1436,1573,1425
11,7,7.7,1313,1397,1326,1383
10,8,7,1326,1383,1337,1372
-6,8,-4.2,1337,1372,1336,1374
12,8,8.4,1573,1374,1569,1379
8,8,5.6,1569,1379,1562,1385
13,8,9.1,1562,1385,1559,1388
20,5,15.09,1559,1388,1563,1384
14,6,9.82,1543,1235,1535,1243
25,5,25,1535,1243,1543,1235
20,6,14.25,1543,1235,1539,1239
17,8,11.91,1563,1555,1574,1544
13,8,9.1,1574,1544,1581,1537
2,8,1.4,1581,1537,1579,1539
18,8,12.62,1579,1539,1589,1529
17,8,11.91,1589,1529,1597,1522
-2,8,-1.4,1597,1522,1590,1528
-9,8,-6.3,1590,1528,1579,1539
2,8,1.4,1579,1539,1578,1540
6,8,4.2,1578,1540,1579,1539
17,7,11.93,1315,1384,1332,1368
-10,8,-7,1332,1368,1327,1372
9,8,6.3,1327,1372,1337,1362
7,8,4.9,1539,1362,1532,1369
-7,8,-4.9,1532,1369,1516,1385
19,8,13.33,1516,1385,1521,1381
4,7,2.8,1429,1337,1425,1340
6,8,4.2,1425,1340,1423,1342
14,8,9.8,1579,1423,1579,1424
5,9,3.5,1579,1424,1572,1431
25,5,25,1521,1336,1534,1323
25,5,25,1534,1323,1545,1312
25,4,31.7,1572,1312,1588,1296
24,6,18.11,1588,1296,1589,1295
12,8,8.4,1589,1425,1586,1428
16,5,11.35,1586,1428,1587,1427
-19,8,-13.33,1587,1427,1563,1451
-8,8,-5.6,1563,1381,1545,1398
5,8,3.5,1545,1398,1539,1405
13,8,9.1,1539,1405,1539,1405
24,5,22.37,1539,1342,1549,1333
18,5,13.01,1549,1333,1548,1333
2,8,1.4,1451,1545,1459,1537
16,6,11.24,1459,1537,1476,1520
25,5,25,1520,1208,1527,1201
24,6,18.11,1527,1201,1527,1201
17,6,11.97,1527,1333,1526,1334
21,6,15.09,1526,1334,1529,1332
10,8,7,1476,1332,1473,1334
22,5,18.05,1548,1405,1556,1397
21,6,15.09,1556,1397,1560,1392
25,4,31.7,1539,1334,1557,1316
25,5,25,1557,1316,1567,1306
25,3,32.49,1567,1306,1584,1289
-6,8,-4.2,1584,1289,1562,1311
25,4,31.7,1562,1473,1588,1448
14,8,9.8,1588,1448,1588,1448
8,8,5.6,1311,1323,1317,1316
13,8,9.1,1317,1316,1326,1307
6,8,4.2,1588,1448,1582,1453
1,8,0.7,1582,1453,1574,1461
16,8,11.21,1560,1461,1565,1457
11,8,7.7,1565,1457,1565,1457
25,5,25,1565,1457,1582,1439
3,8,2.1,1582,1439,1575,1447
13,8,9.1,1575,1447,1575,1447
13,8,9.1,1575,1447,1575,1446
-7,8,-4.9,1575,1446,1561,1460
13,8,9.1,1561,1460,1563,1458
24,6,18.11,1563,1458,1574,1447
1,8,0.7,1574,1447,1566,1455
25,4,31.7,1307,1326,1340,1293
18,7,12.64,1406,1200,1405,1201
11,6,7.7,1239,1100,1237,1102
23,7,16.36,1392,1200,1396,1196
25,6,19.42,1455,1189,1459,1186
-11,7,-7.7,1268,1201,1255,1213
25,5,25,1574,1175,1579,1170
25,4,31.7,1297,1100,1316,1081
-9,8,-6.3,1459,1579,1461,1577
-15,7,-10.51,1316,1396,1311,1401
-10,7,-7,1321,1405,1320,1406
-24,5,-22.37,1237,1213,1213,1237
-25,4,-31.7,1102,1255,1080,1277
20,6,14.25,1196,1186,1210,1172
24,5,22.37,1170,1081,1187,1065
23,7,16.36,1401,1237,1406,1232
-5,8,-3.5,1577,1320,1558,1339
3,8,2.1,1406,1461,1412,1455
9,7,6.3,1277,1311,1285,1303
2,6,1.4,1187,1210,1190,1207
-25,4,-31.7,1213,1201,1180,1233
25,4,31.7,1172,1065,1197,1041
-15,7,-10.51,1406,1339,1391,1354
19,8,13.33,1558,1232,1553,1237
-5,8,-3.5,1412,1285,1400,1298
-7,7,-4.9,1233,1190,1225,1198
-15,6,-10.53,1207,1455,1211,1450
22,8,15.47,1303,1180,1310,1173
11,8,7.7,1354,1298,1358,1294
-15,6,-10.53,1391,1553,1391,1552
-25,5,-25,1198,1400,1186,1412
-21,7,-14.82,1237,1450,1236,1451
-5,8,-3.5,1310,1225,1300,1235
10,7,7,1197,1173,1202,1168
-19,6,-13.46,1080,1041,1064,1057
18,8,12.62,1358,1235,1362,1231
20,6,14.25,1552,1294,1551,1296
-25,5,-25,1186,1412,1175,1422
14,6,9.82,1391,1451,1405,1437
-25,4,-31.7,1362,1405,1333,1434
25,7,18.04,1551,1422,1560,1413
25,5,25,1560,1434,1576,1418
12,5,8.42,1333,1413,1347,1399
25,6,19.42,1236,1064,1244,1056
25,3,32.49,1211,1057,1234,1035
-1,6,-0.7,1202,1234,1204,1232
24,5,22.37,1244,1168,1261,1151
-11,6,-7.7,1232,1261,1226,1267
14,8,9.8,1529,1566,1541,1554
1,8,0.7,1541,1554,1543,1552
7,8,4.9,1543,1552,1549,1547
2,8,1.4,1293,1549,1310,1532
-15,8,-10.51,1310,1532,1314,1528
-18,7,-12.64,1314,1528,1315,1527
17,7,11.93,1527,1547,1540,1533
-25,8,-17.7,1540,1533,1522,1551
17,7,11.93,1522,1151,1514,1159
25,4,31.7,1514,1159,1527,1146
25,5,25,1527,1146,1532,1141
25,5,25,1347,1200,1362,1185
-3,8,-2.1,1295,1126,1281,1140
24,6,18.11,1468,1100,1467,1102
25,3,32.49,1296,1100,1315,1080
25,3,32.49,1340,900,1352,889
25,3,32.49,1532,900,1540,891
17,6,11.97,1437,1100,1430,1107
-1,5,-0.7,1300,1141,1289,1153
9,7,6.3,1200,1175,1205,1171
5,6,3.5,1204,1122,1201,1124
12,7,8.4,1379,1256,1379,1256
25,4,31.7,1315,1100,1333,1082
18,6,12.71,1418,1144,1414,1147
16,8,11.21,1362,1315,1370,1307
-11,8,-7.7,1352,1540,1356,1536
14,7,9.81,1333,1467,1352,1448
-21,6,-15.09,1414,1430,1400,1444
14,8,9.8,1379,1205,1377,1206
-4,7,-2.8,1201,1153,1195,1159
-6,8,-4.2,1140,1289,1145,1283
24,6,18.11,1281,1124,1289,1117
4,5,2.8,1171,1256,1179,1247
-11,5,-7.71,1107,1147,1102,1152
-25,6,-19.42,1102,1185,1088,1199
25,4,31.7,1080,889,1099,870
-17,5,-12.15,891,1082,892,1082
16,7,11.22,1370,1352,1380,1342
9,7,6.3,1159,1444,1182,1421
22,5,18.05,1536,1377,1543,1370
-2,8,-1.4,1307,1400,1313,1395
-7,8,-4.9,1206,1356,1212,1351
21,5,16.42,1448,1283,1453,1277
3,8,2.1,1195,1145,1194,1147
25,3,32.49,1199,1082,1223,1057
25,5,25,1289,1099,1301,1087
-8,7,-5.6,1179,1152,1172,1160
25,6,19.42,1247,1102,1257,1092
-10,5,-7.01,892,1117,899,1109
25,3,32.49,1088,870,1107,851
15,7,10.51,1182,1380,1206,1357
18,8,12.62,1543,1342,1543,1342
-23,8,-16.2,1194,1421,1192,1423
-23,5,-20.03,1351,1395,1334,1412
-4,9,-2.8,1453,1223,1436,1240
-8,6,-5.6,1370,1301,1360,1312
-19,7,-13.36,1160,1313,1157,1316
6,8,4.2,1212,1277,1220,1269
24,6,18.11,1147,1109,1162,1094
-21,7,-14.82,1107,1172,1096,1182
21,5,16.42,1257,1057,1260,1054
-19,6,-13.46,1087,1092,1074,1105
25,4,31.7,899,851,927,823
-22,6,-15.99,1206,1543,1208,1540
25,5,25,1423,1357,1443,1336
20,8,14.04,1412,1240,1414,1238
19,6,13.46,1312,1192,1317,1187
18,7,12.64,1334,1360,1349,1345
2,8,1.4,1316,1342,1319,1339
-6,6,-4.2,1436,1182,1416,1202
-9,8,-6.3,1220,1157,1210,1168
12,7,8.4,1260,1162,1262,1161
21,6,15.09,1269,1105,1273,1101
11,6,7.7,1094,1074,1100,1068
25,4,31.7,1096,927,1117,907
-25,3,-32.49,823,1054,805,1072
25,4,31.7,1540,1319,1558,1301
-14,6,-9.82,1208,1317,1206,1319
10,7,7,1414,1349,1417,1346
12,7,8.4,1443,1336,1444,1335
12,6,8.41,1202,1161,1207,1155
9,8,6.3,1262,1187,1263,1186
-10,8,-7,1238,1339,1238,1339
-20,7,-14.09,1168,1345,1165,1347
25,4,31.7,1210,907,1224,893
14,8,9.8,1273,1117,1272,1118
25,4,31.7,1416,1101,1430,1088
6,5,4.2,1100,1072,1102,1070
25,5,25,1558,1319,1568,1309
8,7,5.6,1417,1444,1424,1437
-4,6,-2.8,1207,1263,1208,1261
6,8,4.2,1339,1347,1344,1343
25,4,31.7,1568,1424,1590,1402
-7,8,-4.9,1309,1437,1313,1433
9,8,6.3,1224,1121,1223,1122
12,8,8.4,1551,1590,1563,1579
-17,8,-11.91,1563,1579,1552,1589
6,8,4.2,1344,1552,1361,1534
4,8,2.8,1361,1534,1376,1520
3,8,2.1,1313,1206,1308,1211
7,8,4.9,1308,1211,1306,1213
20,7,14.09,1306,1213,1313,1206
25,6,19.42,1589,1155,1588,1157
24,6,18.11,1588,1376,1592,1371
2,8,1.4,1206,1208,1207,1207
2,8,1.4,1186,1231,1190,1226
8,8,5.6,1371,1267,1369,1268
20,6,14.25,1369,1313,1380,1303
20,6,14.25,1300,1265,1312,1253
10,8,7,1576,1402,1572,1407
-16,8,-11.21,1572,1407,1549,1429
20,7,14.09,1520,1207,1516,1211
15,8,10.51,1516,1211,1509,1218
-4,8,-2.8,1549,1429,1538,1440
17,8,11.91,1538,1440,1543,1435
22,8,15.47,1509,1380,1516,1373
12,8,8.4,1516,1373,1514,1374
25,5,25,1514,1374,1530,1359
25,7,18.04,1530,1359,1536,1352
15,8,10.51,1592,1218,1583,1228
25,4,31.7,1583,1228,1595,1215
22,6,15.99,1595,1215,1591,1219
24,6,18.11,1591,1219,1590,1221
1,8,0.7,1352,1303,1350,1306
5,8,3.5,1350,1306,1350,1306
9,8,6.3,1350,1306,1353,1302
25,4,31.7,1435,1221,1453,1203
15,6,10.53,1453,1203,1448,1208
24,6,18.11,1448,1208,1451,1205
17,7,11.93,1451,1205,1448,1208
6,8,4.2,1448,1208,1437,1219
16,7,11.22,1543,1353,1542,1354
20,7,14.09,1536,1433,1543,1426
5,8,3.5,1437,1590,1451,1576
24,7,17.18,1451,1354,1462,1344
13,7,9.11,1426,1542,1443,1525
13,8,9.1,1543,1576,1555,1564
23,7,16.36,1555,1344,1557,1341
9,8,6.3,1525,1564,1534,1555
3,8,2.1,1443,1462,1446,1458
-11,8,-7.7,1446,1458,1440,1465
25,6,19.42,1555,1341,1561,1335
18,6,12.71,1561,1335,1559,1337
10,5,7.01,1534,1557,1543,1549
25,5,25,1559,1440,1576,1423
-13,8,-9.1,1549,1465,1534,1480
2,8,1.4,1576,1543,1575,1544
17,5,12.15,1544,1480,1551,1472
1,8,0.7,1534,1423,1527,1430
19,8,13.33,1551,1301,1549,1303
6,8,4.2,1312,1219,1309,1221
16,7,11.22,1527,1472,1534,1465
3,8,2.1,1534,1465,1531,1468
15,7,10.51,1575,1549,1584,1541
-5,8,-3.5,1584,1541,1577,1547
24,6,18.11,1577,1337,1580,1334
20,5,15.09,1580,1334,1580,1334
-13,7,-9.11,1580,1334,1556,1358
10,8,7,1556,1358,1550,1364
2,8,1.4,1309,1200,1303,1206
-2,8,-1.4,1303,1206,1295,1214
9,8,6.3,1295,1214,1296,1214
7,8,4.9,1296,1214,1295,1215
20,8,14.04,1295,1215,1303,1206
5,8,3.5,1531,1364,1524,1372
24,6,18.11,1550,1372,1556,1366
16,7,11.22,1556,1366,1555,1367
24,7,17.18,1555,1367,1560,1362
6,8,4.2,1547,1524,1550,1521
-12,8,-8.4,1550,1521,1539,1532
19,8,13.33,1539,1532,1552,1519
10,8,7,1552,1519,1557,1514
6,8,4.2,1557,1514,1558,1513
-20,7,-14.09,1558,1513,1540,1530
-9,8,-6.3,1540,1530,1533,1537
-19,7,-13.36,1533,1537,1520,1550
-3,8,-2.1,1520,1550,1520,1550
-19,7,-13.36,1520,1550,1509,1562
-4,8,-2.8,1509,1562,1510,1561
4,8,2.8,1190,1207,1194,1203
23,5,20.03,1560,1221,1561,1220
23,5,20.03,1561,1220,1562,1219
24,5,22.37,1562,1219,1566,1215
16,6,11.24,1566,1215,1558,1223
-3,8,-2.1,1561,1302,1543,1320
25,5,25,1543,1320,1554,1309
20,8,14.04,1554,1309,1552,1311
11,8,7.7,1552,1311,1545,1318
2,8,1.4,1558,1362,1546,1373
-2,8,-1.4,1546,1373,1533,1386
-16,7,-11.22,1223,1318,1218,1322
20,6,14.25,1545,1533,1559,1520
19,6,13.46,1559,1386,1561,1384
19,6,13.46,1561,1384,1562,1382
6,8,4.2,1562,1382,1555,1390
24,5,22.37,1555,1390,1566,1379
25,5,25,1566,1379,1579,1366
18,7,12.64,1579,1366,1578,1367
20,7,14.09,1468,1218,1467,1220
15,8,10.51,1467,1220,1462,1225
12,8,8.4,1462,1225,1455,1231
25,4,31.7,1455,1231,1473,1213
7,8,4.9,1473,1510,1480,1503
17,8,11.91,1578,1430,1580,1428
16,6,11.24,1503,1580,1519,1563
2,8,1.4,1223,1268,1228,1264
16,8,11.21,1519,1428,1524,1423
13,8,9.1,1524,1264,1517,1270
-22,7,-15.58,1228,1423,1225,1426
-21,7,-14.82,1322,1480,1318,1485
18,8,12.62,1485,1426,1493,1418
21,6,15.09,1500,1270,1501,1270
19,8,13.33,1501,1493,1513,1480
-12,8,-8.4,1513,1563,1509,1568
14,8,9.8,1509,1418,1512,1414
14,5,9.85,1512,1517,1522,1507
-14,8,-9.8,1522,1507,1511,1518
18,8,12.62,1520,1318,1520,1319
25,5,25,1520,1319,1532,1307
24,5,22.37,1532,1307,1540,1299
13,8,9.1,1540,1299,1534,1305
21,5,16.42,1534,1305,1536,1303
21,7,14.82,1518,1480,1530,1468
2,8,1.4,1530,1468,1527,1471
7,8,4.9,1527,1471,1528,1470
11,8,7.7,1528,1470,1532,1467
-5,8,-3.5,1532,1467,1523,1475
13,8,9.1,1523,1475,1529,1469
5,8,3.5,1529,1469,1528,1470
7,8,4.9,1568,1367,1560,1375
5,8,3.5,1560,1375,1551,1384
25,4,31.7,1551,1384,1571,1363
-22,7,-15.58,1270,1303,1257,1316
-15,7,-10.51,1257,1316,1250,1322
-8,8,-5.6,1250,1322,1250,1323
25,8,17.7,1536,1203,1535,1204
8,8,5.6,1528,1414,1526,1416
18,8,12.62,1526,1416,1531,1411
18,4,15.19,1531,1411,1538,1405
22,5,18.05,1538,1405,1547,1396
-2,8,-1.4,1547,1396,1535,1407
18,8,12.62,1535,1363,1536,1362
20,8,14.04,1536,1362,1539,1360
23,6,16.98,1539,1360,1544,1355
3,8,2.1,1535,1323,1524,1334
-3,8,-2.1,1407,1571,1416,1563
14,8,9.8,1416,1563,1436,1543
1,8,0.7,1436,1543,1444,1535
-14,7,-9.81,1444,1535,1441,1538
4,8,2.8,1538,1204,1522,1220
25,4,31.7,1544,1220,1557,1206
22,7,15.58,1557,1206,1554,1210
4,8,2.8,1554,1522,1554,1522
25,6,19.42,1554,1522,1571,1505
19,6,13.46,1524,1470,1533,1460
6,8,4.2,1533,1460,1532,1461
-3,8,-2.1,1532,1461,1525,1468
14,7,9.81,1525,1468,1531,1463
12,8,8.4,1531,1463,1534,1459
8,8,5.6,1534,1459,1535,1459
7,8,4.9,1535,1459,1534,1459
-6,8,-4.2,1534,1459,1525,1469
14,5,9.85,1525,1210,1517,1218
25,5,25,1571,1213,1577,1208
20,6,14.25,1577,1208,1571,1213
24,6,18.11,1571,1213,1570,1214
25,5,25,1570,1214,1576,1209
11,8,7.7,1334,1411,1347,1398
-14,6,-9.82,1347,1398,1341,1404
-6,8,-4.2,1341,1404,1341,1404
-10,8,-7,1341,1404,1339,1407
25,7,18.04,1339,1407,1362,1384
6,8,4.2,1517,1441,1515,1442
-12,8,-8.4,1515,1442,1502,1455
-4,8,-2.8,1502,1455,1496,1462
25,5,25,1496,1462,1518,1439
6,8,4.2,1518,1439,1517,1440
8,8,5.6,1517,1440,1517,1440
15,6,10.53,1576,1355,1572,1358
1,8,0.7,1572,1358,1559,1371
18,6,12.71,1559,1371,1560,1371
24,6,18.11,1469,1209,1471,1206
25,6,19.42,1471,1206,1474,1203
25,7,18.04,1474,1203,1476,1201
10,8,7,1476,1201,1467,1211
5,8,3.5,1560,1517,1560,1517
-7,8,-4.9,1560,1505,1551,1513
20,6,14.25,1517,1371,1521,1366
16,6,11.24,1521,1440,1526,1435
10,8,7,1526,1435,1527,1434
8,8,5.6,1527,1434,1526,1435
3,8,2.1,1526,1435,1522,1439
16,6,11.24,1522,1439,1527,1434
7,8,4.9,1527,1467,1528,1466
1,8,0.7,1528,1466,1524,1470
20,5,15.09,1524,1470,1535,1459
8,8,5.6,1535,1459,1535,1458
25,5,25,1535,1458,1555,1439
11,8,7.7,1555,1439,1555,1439
17,7,11.93,1555,1439,1559,1435
25,5,25,1551,1211,1557,1205
25,5,25,1557,1205,1563,1199
-4,8,-2.8,1563,1199,1541,1221
-10,8,-7,1366,1206,1349,1224
15,8,10.51,1349,1224,1351,1222
21,8,14.75,1541,1351,1543,1348
19,5,13.98,1543,1348,1544,1347
24,6,18.11,1544,1347,1550,1342
8,8,5.6,1342,1303,1345,1300
12,8,8.4,1345,1300,1350,1295
15,7,10.51,1550,1295,1545,1300
25,4,31.7,1545,1300,1561,1284
2,8,1.4,1561,1435,1554,1443
4,8,2.8,1513,1554,1519,1548
-4,8,-2.8,1519,1548,1518,1549
1,8,0.7,1518,1549,1521,1546
16,8,11.21,1521,1546,1534,1533
16,7,11.22,1534,1350,1533,1351
-2,8,-1.4,1533,1351,1520,1364
8,8,5.6,1520,1364,1515,1369
9,8,6.3,1515,1369,1511,1373
21,6,15.09,1559,1434,1565,1427
14,8,9.8,1565,1427,1565,1427
22,6,15.99,1565,1427,1572,1421
-1,8,-0.7,1572,1421,1561,1432
19,8,13.33,1443,1221,1442,1222
20,8,14.04,1442,1222,1442,1222
19,7,13.36,1442,1222,1441,1223
11,8,7.7,1373,1222,1370,1225
25,4,31.7,1561,1432,1584,1409
12,7,8.4,1584,1409,1581,1412
25,6,19.42,1581,1412,1589,1404
15,8,10.51,1589,1404,1587,1405
10,8,7,1587,1405,1582,1410
11,8,7.7,1582,1410,1578,1414
4,8,2.8,1223,1362,1235,1349
-25,5,-25,1235,1349,1218,1366
-8,8,-5.6,1366,1370,1361,1376
10,8,7,1361,1376,1369,1368
22,7,15.58,1441,1218,1443,1216
25,6,19.42,1443,1216,1448,1211
25,4,31.7,1448,1211,1465,1194
12,8,8.4,1578,1465,1579,1464
18,6,12.71,1579,1464,1584,1459
5,8,3.5,1584,1459,1578,1464
-1,8,-0.7,1578,1464,1570,1473
20,4,20,1570,1473,1583,1460
14,6,9.82,1583,1460,1584,1459
14,7,9.81,1584,1459,1586,1457
14,8,9.8,1586,1457,1587,1456
3,8,2.1,1587,1456,1580,1463
10,8,7,1580,1463,1579,1464
18,7,12.64,1218,1100,1222,1096
19,6,13.46,1222,1096,1227,1091
23,7,16.36,1368,1225,1374,1218
19,8,13.33,1374,1511,1397,1489
-8,8,-5.6,1397,1489,1398,1488
-23,7,-16.36,1398,1488,1388,1498
-16,8,-11.21,1388,1498,1384,1501
12,8,8.4,1384,1501,1401,1485
25,5,25,1226,990,1236,980
14,8,9.8,1284,1369,1299,1353
25,4,31.7,1250,980,1265,964
25,4,31.7,1265,964,1279,950
20,5,15.09,1279,950,1276,954
25,6,19.42,1533,1276,1537,1272
13,7,9.11,1537,1272,1530,1279
13,7,9.11,1530,1279,1523,1286
11,8,7.7,1100,1218,1116,1202
8,8,5.6,1450,1401,1452,1399
11,8,7.7,1399,1452,1410,1441
4,8,2.8,1410,1441,1415,1436
25,6,19.42,1415,1346,1430,1332
-17,6,-11.97,1430,1436,1418,1447
11,8,7.7,1418,1447,1428,1437
6,8,4.2,1428,1437,1433,1432
23,6,16.98,1433,1353,1444,1342
17,8,11.91,1444,1342,1449,1337
18,7,12.64,1449,1337,1454,1332
16,7,11.22,1485,1454,1494,1445
-3,8,-2.1,1494,1445,1488,1450
25,5,25,1523,1450,1543,1431
25,5,25,1543,1431,1560,1413
10,8,7,1560,1413,1557,1416
21,7,14.82,1227,1091,1233,1085
21,5,16.42,1233,1085,1239,1079
16,8,11.21,1432,1239,1431,1240
22,6,15.99,1464,1194,1464,1195
19,5,13.98,1464,1195,1462,1197
19,6,13.46,1462,1197,1459,1200
19,8,13.33,1459,1200,1457,1202
18,7,12.64,1457,1202,1454,1205
25,7,18.04,1454,1205,1456,1202
24,5,22.37,1456,1202,1463,1196
25,4,31.7,1463,1196,1479,1180
11,8,7.7,1299,1202,1300,1201
-20,8,-14.04,1300,1201,1279,1222
4,8,2.8,1332,1180,1325,1188
9,8,6.3,1325,1188,1322,1191
21,6,15.09,1479,1191,1477,1193
25,5,25,1477,1193,1485,1184
25,3,32.49,1485,1184,1500,1169
25,5,25,1500,1169,1506,1163
25,3,32.49,1506,1070,1518,1058
16,7,11.22,1236,1200,1245,1191
-8,7,-5.6,1301,1155,1286,1171
25,4,31.7,1414,954,1424,944
25,5,25,1332,1000,1338,994
19,8,13.33,1279,1200,1287,1192
11,7,7.7,1222,1000,1216,1006
17,5,12.15,1225,1000,1223,1002
22,8,15.47,1488,1163,1485,1166
14,8,9.8,1272,1194,1276,1190
24,6,18.11,1416,1000,1414,1003
25,4,31.7,1335,893,1346,882
25,3,32.49,1557,1000,1567,991
21,6,15.09,1431,1157,1430,1158
25,4,31.7,1524,1079,1534,1069
10,7,7,1286,1118,1281,1122
-4,8,-2.8,1518,1424,1508,1434
-15,8,-10.51,1338,1346,1328,1356
15,7,10.51,1567,1534,1575,1526
-14,8,-9.8,1414,1485,1409,1490
10,8,7,1430,1287,1427,1290
11,8,7.7,1223,1245,1232,1235
12,8,8.4,1276,1216,1280,1212
4,6,2.8,1281,1171,1276,1176
15,7,10.51,1286,1122,1285,1122
-20,5,-15.09,1006,1190,1003,1193
19,6,13.46,1191,1002,1192,1001
-7,8,-4.9,1192,1158,1185,1166
25,5,25,1166,1003,1180,989
1,5,0.7,1058,944,1051,951
13,6,9.11,994,882,995,881
-8,6,-5.6,991,1069,990,1069
19,8,13.33,1490,1427,1499,1418
-14,8,-9.8,1280,1356,1276,1360
-11,8,-7.7,1575,1434,1558,1451
-1,7,-0.7,1232,1276,1234,1274
24,8,16.94,1508,1328,1513,1323
8,7,5.6,1526,1235,1514,1247
-25,4,-31.7,1176,1409,1158,1426
15,8,10.51,1290,1193,1293,1189
-6,7,-4.2,1180,1212,1178,1214
-12,8,-8.4,1166,1285,1166,1285
24,6,18.11,1192,995,1198,990
5,5,3.5,1069,1051,1071,1049
25,5,25,1122,951,1136,937
6,6,4.2,990,1001,995,996
-25,4,-31.7,881,1185,867,1199
15,6,10.53,1003,989,1013,979
-16,8,-11.21,1499,1451,1484,1466
18,6,12.71,1360,1234,1364,1230
11,8,7.7,1558,1418,1556,1420
-22,7,-15.58,1276,1513,1275,1514
24,7,17.18,1514,1274,1516,1272
-12,8,-8.4,1426,1293,1409,1311
10,6,7,1214,1071,1211,1074
8,8,5.6,1285,1198,1285,1198
-9,8,-6.3,1247,1323,1246,1324
0,8,0,1158,1178,1160,1177
16,8,11.21,1189,1166,1199,1156
25,8,17.7,1136,995,1144,987
-25,4,-31.7,1049,1199,1027,1221
13,8,9.1,1013,990,1020,982
25,5,25,996,937,1017,916
13,6,9.11,867,979,884,962
1,8,0.7,1466,1364,1459,1371
12,8,8.4,1556,1484,1559,1481
-24,7,-17.18,1514,1516,1497,1533
18,8,12.62,1311,1211,1317,1205
-8,8,-5.6,1230,1285,1229,1287
-7,8,-4.9,1275,1420,1280,1415
16,7,11.22,1324,1272,1332,1264
11,7,7.7,1199,1074,1198,1075
15,8,10.51,1409,1177,1404,1181
-18,7,-12.64,1144,1221,1137,1228
2,6,1.4,1198,1020,1188,1031
6,8,4.2,1246,1160,1244,1162
25,3,32.49,1156,987,1177,966
24,5,22.37,982,1027,1008,1002
-6,7,-4.2,884,1017,889,1012
4,6,2.8,916,962,923,956
-17,6,-11.97,1459,1497,1450,1506
19,8,13.33,1317,1287,1328,1275
-21,6,-15.09,1371,1533,1366,1538
3,8,2.1,1559,1481,1556,1484
-9,7,-6.3,1506,1538,1502,1542
3,8,2.1,1556,1328,1543,1340
9,6,6.3,1542,1340,1535,1347
25,5,25,1415,1031,1420,1026
22,6,15.99,1332,1205,1339,1198
-2,8,-1.4,1198,1228,1199,1227
-25,5,-25,1229,1404,1215,1418
17,8,11.91,1420,1339,1426,1333
-18,5,-13.01,1227,1418,1227,1418
-3,7,-2.1,1426,1418,1423,1421
12,8,8.4,1280,1181,1282,1179
3,5,2.1,1188,1075,1182,1080
-4,8,-2.8,1244,1264,1243,1266
17,8,11.91,1177,1137,1186,1128
-11,8,-7.7,1282,1266,1273,1274
-25,6,-19.42,1080,1186,1068,1198
9,8,6.3,1274,1198,1275,1197
7,6,4.9,1008,956,1009,955
25,6,19.42,1162,1002,1170,993
-20,5,-15.09,966,889,946,909
-6,6,-4.2,1012,923,1001,933
2,8,1.4,1009,909,1003,915
-25,7,-18.04,1170,933,1138,966
-15,6,-10.53,1003,1138,1002,1139
-3,8,-2.1,1484,1179,1465,1199
20,7,14.09,1423,1421,1437,1407
12,7,8.4,1437,1198,1431,1205
17,7,11.93,1431,1205,1428,1207
18,8,12.62,1450,1275,1451,1274
20,8,14.04,1451,1274,1453,1272
25,8,17.7,1543,1407,1552,1399
14,8,9.8,1552,1399,1551,1399
15,8,10.51,1465,1272,1463,1274
23,7,16.36,1463,1274,1467,1270
22,6,15.99,1467,1270,1470,1267
19,6,13.46,1470,1267,1470,1267
10,8,7,1470,1199,1461,1208
19,6,13.46,1461,1208,1459,1210
10,8,7,1459,1428,1464,1424
-17,8,-11.91,1464,1424,1449,1438
-3,8,-2.1,1449,1438,1446,1441
21,7,14.82,1446,1441,1460,1427
-15,6,-10.53,1399,1240,1378,1262
17,8,11.91,1378,1262,1382,1258
14,7,9.81,1427,1207,1423,1211
12,8,8.4,1423,1211,1417,1216
14,7,9.81,1417,1216,1414,1220
13,7,9.11,1414,1220,1411,1223
5,8,3.5,1322,1210,1317,1215
6,8,4.2,1317,1215,1314,1218
19,7,13.36,1502,1314,1503,1313
20,8,14.04,1503,1313,1505,1312
22,5,18.05,1505,1312,1510,1306
21,6,15.09,1510,1306,1512,1305
13,8,9.1,1579,1512,1583,1508
-24,8,-16.94,1583,1508,1561,1530
-16,8,-11.21,1561,1530,1547,1544
14,8,9.8,1547,1544,1557,1534
5,8,3.5,1557,1534,1559,1532
18,8,12.62,1559,1532,1569,1521
-19,8,-13.33,1569,1521,1553,1538
4,8,2.8,1553,1411,1546,1417
23,5,20.03,1546,1417,1557,1406
5,8,3.5,1557,1406,1550,1413
12,6,8.41,1550,1413,1549,1414
22,7,15.58,1549,1414,1556,1408
21,8,14.75,1382,1347,1394,1335
8,8,5.6,1394,1335,1395,1333
-2,8,-1.4,1395,1333,1390,1339
5,8,3.5,1551,1538,1554,1536
-5,8,-3.5,1554,1536,1549,1540
6,8,4.2,1549,1540,1553,1537
-17,7,-11.93,1553,1537,1540,1550
11,8,7.7,1540,1550,1548,1541
12,8,8.4,1408,1390,1415,1383
-3,8,-2.1,1415,1383,1410,1387
21,5,16.42,1556,1541,1571,1526
1,8,0.7,1571,1526,1568,1529
8,8,5.6,1568,1529,1571,1526
8,8,5.6,1571,1526,1574,1523
10,7,7,1574,1523,1577,1520
18,7,12.64,1577,1520,1586,1511
2,8,1.4,1586,1511,1582,1515
9,8,6.3,1582,1515,1583,1514
17,8,11.91,1583,1514,1590,1507
16,8,11.21,1590,1507,1596,1501
24,5,22.37,1596,1501,1611,1486
22,6,15.99,1548,1387,1553,1382
16,8,11.21,1553,1382,1553,1382
8,8,5.6,1553,1382,1547,1388
25,4,31.7,1547,1068,1557,1059
25,4,31.7,1557,1059,1566,1049
19,7,13.36,1611,1486,1616,1481
17,8,11.91,1616,1481,1619,1478
11,6,7.7,1619,1478,1617,1480
-9,8,-6.3,1617,1480,1601,1496
-2,8,-1.4,1601,1496,1592,1505
-16,5,-11.35,1592,1505,1575,1522
12,7,8.4,1575,1522,1579,1518
3,8,2.1,1579,1518,1577,1520
20,8,14.04,1577,1520,1587,1510
-3,8,-2.1,1587,1510,1580,1517
13,8,9.1,1580,1517,1584,1513
25,6,19.42,1584,1513,1599,1498
17,7,11.93,1410,1223,1410,1224
19,7,13.36,1410,1224,1411,1222
20,6,14.25,1411,1222,1413,1221
20,6,14.25,1413,1221,1415,1219
25,5,25,1415,1219,1427,1207
22,6,15.99,1427,1207,1429,1205
24,5,22.37,1429,1205,1437,1197
15,7,10.51,1437,1197,1432,1201
25,4,31.7,1432,1201,1450,1184
13,8,9.1,1450,1184,1443,1191
25,5,25,1566,1443,1583,1426
7,8,4.9,1599,1498,1596,1501
19,8,13.33,1596,1501,1603,1494
2,8,1.4,1603,1494,1597,1500
14,8,9.8,1597,1500,1600,1497
10,8,7,1600,1497,1600,1497
5,8,3.5,1600,1497,1596,1501
12,8,8.4,1596,1501,1598,1499
9,8,6.3,1598,1499,1597,1500
25,3,32.49,1426,1191,1444,1173
1,8,0.7,1444,1173,1428,1189
8,8,5.6,1428,1189,1419,1198
-5,8,-3.5,1419,1198,1401,1216
21,8,14.75,1401,1216,1404,1213
1,8,0.7,1404,1213,1392,1225
9,8,6.3,1215,1258,1225,1248
9,8,6.3,1225,1248,1233,1240
22,8,15.47,1388,1240,1393,1235
25,4,31.7,1303,955,1316,942
25,4,31.7,1128,1120,1159,1089
-1,6,-0.7,1100,1026,1094,1032
-21,8,-14.75,1300,1100,1272,1128
-1,8,-0.7,1261,1339,1266,1334
21,6,15.09,1392,1233,1396,1228
7,7,4.9,1161,1275,1174,1263
25,7,18.04,1597,1300,1598,1299
21,5,16.42,1316,966,1313,969
19,8,13.33,1199,993,1199,993
25,5,25,1500,1334,1514,1320
-3,8,-2.1,1366,1393,1366,1393
25,3,32.49,1253,1100,1275,1078
-10,6,-7,1094,1343,1102,1334
-25,4,-31.7,1100,1453,1088,1466
24,6,18.11,1396,1174,1400,1170
6,8,4.2,1305,1320,1310,1315
23,6,16.98,1583,1366,1586,1363
-25,5,-25,915,1275,909,1281
14,7,9.81,1032,1197,1053,1177
0,7,0,1089,1170,1095,1164
-25,4,-31.7,942,1598,935,1606
-9,5,-6.3,1100,1200,1101,1199
-25,3,-32.49,1078,1200,1054,1224
23,8,16.2,1310,1263,1323,1250
23,6,16.98,1586,1334,1587,1333
-5,8,-3.5,1225,1466,1236,1454
-19,6,-13.46,1363,1606,1365,1604
-2,8,-1.4,1128,1199,1131,1196
25,5,25,1053,1266,1091,1228
25,7,18.04,1333,1100,1336,1097
-3,6,-2.1,935,1102,944,1093
20,7,14.09,1323,1049,1320,1052
-21,6,-15.09,1159,1454,1161,1452
-20,7,-14.09,1299,1400,1292,1407
14,8,9.8,1333,1224,1335,1222
6,8,4.2,1228,1272,1236,1265
25,6,19.42,1235,1101,1245,1090
-25,4,-31.7,909,1514,901,1522
-16,6,-11.24,993,1336,1001,1328
25,3,32.49,1587,1088,1597,1077
9,7,6.3,1313,1228,1314,1227
25,4,31.7,1604,1097,1613,1087
25,3,32.49,1267,1054,1285,1035
5,7,3.5,1292,1522,1310,1504
-18,8,-12.62,1177,1393,1178,1392
25,5,25,1245,969,1254,960
17,7,11.93,1236,1091,1238,1089
6,8,4.2,1407,1392,1411,1389
24,5,22.37,1222,944,1228,938
25,4,31.7,1285,1001,1300,986
-8,6,-5.6,1052,1131,1052,1131
-17,7,-11.93,1310,1315,1299,1327
1,7,0.7,1250,1236,1249,1236
-21,7,-14.82,1314,1613,1316,1611
-3,7,-2.1,1320,1300,1317,1304
25,4,31.7,1597,1452,1619,1430
25,5,25,1327,1077,1336,1068
13,7,9.11,1365,1411,1377,1398
21,6,15.09,1238,1196,1250,1184
25,4,31.7,1611,1460,1632,1439
19,4,17.4,1632,1439,1637,1434
-8,7,-5.6,1637,1434,1618,1453
14,8,9.8,1618,1453,1617,1454
7,5,4.9,1617,1454,1611,1460
22,5,18.05,1611,1460,1619,1452
-14,7,-9.81,1619,1452,1598,1473
11,7,7.7,1598,1473,1597,1474
-14,7,-9.81,1597,1474,1579,1492
-14,6,-9.82,1579,1492,1563,1508
19,6,13.46,1398,1250,1402,1247
20,5,15.09,1402,1247,1406,1242
20,5,15.09,1406,1242,1410,1238
18,7,12.64,1410,1238,1412,1237
17,8,11.91,1412,1237,1412,1237
-7,8,-4.9,1412,1504,1413,1502
-15,8,-10.51,1413,1502,1409,1507
4,8,2.8,1409,1507,1419,1497
-11,8,-7.7,1419,1497,1417,1499
8,8,5.6,1254,1389,1269,1374
1,8,0.7,1269,1374,1277,1366
8,8,5.6,1417,1228,1410,1234
25,5,25,1410,1234,1423,1221
6,8,4.2,1317,1218,1314,1220
-11,8,-7.7,1314,1220,1300,1235
8,8,5.6,1366,1423,1376,1414
-20,6,-14.25,1376,1414,1364,1425
12,5,8.42,1364,1425,1377,1412
-7,8,-4.9,1377,1412,1375,1415
-14,8,-9.8,1375,1415,1368,1422
23,7,16.36,1422,1377,1435,1364
25,4,31.7,1435,1364,1461,1337
23,4,27.82,1461,1337,1481,1318
12,8,8.4,1481,1318,1478,1321
25,5,25,1499,1235,1508,1226
-4,8,-2.8,1508,1226,1489,1245
25,6,19.42,1489,1245,1493,1241
13,8,9.1,1493,1241,1486,1247
24,5,22.37,1619,1368,1626,1361
23,5,20.03,1626,1361,1630,1357
6,8,4.2,1630,1357,1618,1369
14,6,9.82,1369,1199,1368,1200
4,8,2.8,1247,1304,1254,1297
14,8,9.8,1277,1200,1281,1196
14,8,9.8,1508,1486,1517,1478
-14,8,-9.8,1517,1478,1504,1491
10,8,7,1478,1227,1470,1236
24,7,17.18,1470,1236,1472,1233
-23,7,-16.36,1472,1491,1457,1506
-18,8,-12.62,1457,1506,1448,1515
2,8,1.4,1448,1515,1454,1509
25,4,31.7,1509,1254,1525,1238
25,5,25,1525,1238,1533,1230
19,6,13.46,1533,1230,1529,1234
18,4,15.19,1529,1234,1527,1236
21,5,16.42,1527,1236,1526,1237
25,4,31.7,1618,1368,1634,1351
21,6,15.09,1634,1351,1632,1353
24,5,22.37,1632,1353,1638,1347
15,5,10.59,1638,1347,1632,1354
-14,8,-9.8,1354,1526,1355,1524
-25,5,-25,1355,1524,1342,1538
-16,7,-11.22,1342,1538,1343,1537
-9,7,-6.3,1343,1537,1350,1530
3,8,2.1,1350,1530,1364,1516
-21,8,-14.75,1364,1516,1359,1521
17,5,12.15,1359,1521,1382,1498
-12,7,-8.4,1382,1498,1382,1498
25,5,25,1454,1382,1474,1362
6,8,4.2,1474,1362,1470,1366
23,6,16.98,1470,1366,1480,1356
-7,8,-4.9,1480,1237,1460,1257
25,5,25,1460,1257,1472,1245
25,6,19.42,1472,1245,1477,1240
19,5,13.98,1477,1240,1476,1241
16,8,11.21,1498,1237,1493,1242
12,8,8.4,1493,1242,1486,1249
25,5,25,1486,1249,1496,1238
25,4,31.7,1496,1238,1512,1223
16,7,11.22,1512,1223,1506,1228
12,6,8.41,1506,1228,1498,1237
19,5,13.98,1300,1356,1318,1338
5,9,3.5,1318,1338,1323,1333
18,7,12.64,1323,1333,1336,1320
-7,8,-4.9,1336,1320,1330,1326
7,8,4.9,1476,1237,1466,1247
16,8,11.21,1326,1384,1341,1368
15,7,10.51,1341,1368,1354,1356
3,8,2.1,1354,1356,1356,1354
17,7,11.93,1356,1354,1368,1342
22,8,15.47,1466,1321,1472,1315
-15,8,-10.51,1336,1238,1319,1255
5,9,3.5,1319,1255,1318,1256
5,8,3.5,1318,1256,1317,1257
13,7,9.11,1498,1247,1492,1253
10,8,7,1492,1253,1484,1261
21,7,14.82,1484,1261,1485,1260
25,5,25,1227,1089,1243,1074
25,6,19.42,1243,1074,1251,1066
20,7,14.09,1251,1066,1253,1064
12,8,8.4,1253,1064,1249,1068
-7,8,-4.9,1000,986,994,992
-21,6,-15.09,994,992,979,1007
14,8,9.8,1472,1241,1467,1245
25,6,19.42,1467,1245,1472,1240
21,5,16.42,1632,1240,1628,1244
25,5,25,1628,1244,1633,1239
11,8,7.7,1472,1239,1465,1246
18,8,12.62,1465,1246,1464,1247
16,8,11.21,1464,1247,1461,1250
25,4,31.7,1485,1260,1502,1243
20,5,15.09,1502,1243,1501,1244
23,6,16.98,1501,1244,1503,1242
4,8,2.8,1368,1342,1369,1341
9,8,6.3,1369,1341,1373,1337
14,8,9.8,1373,1337,1380,1329
22,7,15.58,1503,1242,1502,1243
14,8,9.8,1502,1243,1496,1249
11,8,7.7,1496,1249,1489,1256
22,8,15.47,1489,1256,1490,1255
18,7,12.64,1490,1255,1488,1257
7,8,4.9,1316,1297,1320,1293
6,8,4.2,1320,1293,1322,1291
10,8,7,1322,1291,1327,1286
15,8,10.51,1281,1196,1285,1191
7,8,4.9,1563,1461,1561,1464
15,8,10.51,1561,1464,1564,1460
19,8,13.33,1564,1460,1570,1454
11,8,7.7,1570,1454,1570,1454
2,8,1.4,1570,1454,1563,1461
1,8,0.7,1563,1461,1557,1467
9,8,6.3,1329,1191,1326,1194
3,8,2.1,1326,1194,1319,1201
15,7,10.51,1319,1201,1322,1199
-1,8,-0.7,1286,1330,1289,1328
-19,7,-13.36,1289,1328,1278,1338
-4,8,-2.8,1278,1338,1280,1337
16,7,11.22,1467,1250,1465,1253
23,5,20.03,1465,1253,1471,1246
13,6,9.11,1471,1246,1466,1251
10,8,7,1466,1251,1459,1258
20,7,14.09,1459,1258,1460,1257
24,6,18.11,1557,1460,1568,1449
21,7,14.82,1568,1449,1575,1442
11,7,7.7,1575,1442,1573,1444
6,6,4.2,1573,1444,1569,1448
15,8,10.51,1569,1448,1571,1446
-12,8,-8.4,1571,1446,1554,1463
14,6,9.82,1554,1463,1557,1460
-15,6,-10.53,1557,1460,1540,1477
10,6,7,1540,1477,1542,1475
19,6,13.46,1542,1475,1551,1466
12,7,8.4,1633,1504,1632,1504
15,7,10.51,1632,1504,1634,1503
20,8,14.04,1634,1503,1639,1498
23,4,27.82,1639,1498,1657,1480
5,8,3.5,1657,1480,1649,1488
7,8,4.9,1551,1430,1548,1434
5,8,3.5,1548,1434,1543,1438
11,7,7.7,1543,1438,1544,1438
15,8,10.51,1544,1438,1547,1435
16,6,11.24,1547,1435,1550,1431
8,8,5.6,1550,1431,1547,1434
19,8,13.33,1547,1434,1553,1428
-7,8,-4.9,1178,1337,1184,1331
-7,8,-4.9,1184,1331,1189,1326
-24,6,-18.11,1189,1326,1180,1335
-2,8,-1.4,1180,1335,1189,1325
19,8,13.33,1327,1322,1340,1309
20,8,14.04,1340,1309,1352,1297
25,5,25,1226,1052,1240,1038
5,8,3.5,1240,1038,1230,1048
-7,8,-4.9,1257,1488,1267,1478
-25,4,-31.7,1267,1478,1249,1496
-13,8,-9.1,1249,1496,1255,1490
25,5,25,1380,1297,1399,1278
2,8,1.4,1399,1278,1392,1285
-1,8,-0.7,1392,1285,1384,1293
17,7,11.93,1317,1257,1325,1249
-25,8,-17.7,1325,1249,1302,1272
4,8,2.8,1302,1272,1302,1272
4,8,2.8,1302,1272,1303,1271
22,8,15.47,1466,1293,1470,1289
8,8,5.6,1470,1289,1464,1295
8,8,5.6,1464,1295,1458,1301
-2,8,-1.4,1301,1458,1310,1449
3,8,2.1,1310,1449,1322,1437
-14,6,-9.82,1322,1437,1320,1439
-25,7,-18.04,1320,1439,1310,1449
20,8,14.04,1131,960,1134,958
15,7,10.51,1285,1352,1301,1336
25,5,25,1240,1007,1251,997
24,7,17.18,1428,1100,1427,1101
25,5,25,1257,1182,1277,1162
8,7,5.6,1301,1100,1293,1107
-9,6,-6.3,1336,1161,1318,1179
13,6,9.11,1310,1122,1307,1125
25,5,25,1236,1068,1250,1054
25,4,31.7,1449,901,1458,892
17,8,11.91,1315,1199,1319,1195
25,4,31.7,1273,1100,1293,1080
25,3,32.49,1490,1100,1502,1088
25,4,31.7,1325,1100,1343,1083
25,4,31.7,1281,958,1294,944
5,7,3.5,1233,1139,1230,1142
22,8,15.47,1384,1134,1384,1134
-23,7,-16.36,1251,1277,1236,1291
-25,5,-25,1250,1458,1238,1469
-25,5,-25,1293,1502,1281,1514
-7,6,-4.9,1343,1294,1335,1303
3,8,2.1,1427,1384,1426,1385
2,8,1.4,1319,1307,1319,1306
5,7,3.5,1255,1179,1253,1181
19,5,13.98,1293,1230,1303,1221
-18,8,-12.62,1142,1107,1127,1123
-16,6,-11.24,1125,1195,1119,1201
25,7,18.04,1134,1101,1150,1086
-18,5,-13.01,997,1162,995,1164
10,6,7,1086,892,1080,898
-7,6,-4.9,1080,1088,1075,1092
-4,5,-2.8,1083,944,1070,956
12,8,8.4,1514,1291,1508,1297
-17,6,-11.97,1303,1303,1291,1315
-10,8,-7,1319,1469,1323,1466
12,7,8.4,1426,1253,1423,1256
18,8,12.62,1385,1181,1384,1181
-25,4,-31.7,1238,1335,1213,1359
3,8,2.1,1306,1123,1296,1133
-12,6,-8.41,1236,1281,1231,1287
17,8,11.91,1201,1164,1211,1155
25,4,31.7,1221,1092,1243,1069
-25,5,-25,956,1318,951,1324
8,8,5.6,1150,1054,1149,1055
-23,6,-16.98,1086,1127,1072,1141
24,5,22.37,1119,1070,1138,1051
-13,5,-9.13,1075,995,1061,1010
25,5,25,1508,1315,1520,1302
7,8,4.9,1466,1423,1468,1421
5,8,3.5,1323,1384,1330,1377
4,8,2.8,1291,1297,1294,1294
21,7,14.82,1243,1211,1256,1198
-3,8,-2.1,1296,1287,1294,1289
1,6,0.7,1256,1359,1264,1352
-21,5,-16.42,1149,1324,1144,1329
-14,8,-9.8,1133,1181,1126,1188
2,8,1.4,1213,1231,1216,1228
25,4,31.7,1155,1069,1181,1044
12,5,8.42,1138,1055,1140,1052
-2,6,-1.4,898,951,900,948
25,7,18.04,1141,1010,1150,1001
-20,5,-15.09,1061,1051,1045,1067
24,7,17.18,1520,1468,1534,1454
-25,7,-18.04,1302,1421,1293,1431
2,8,1.4,1330,1294,1329,1295
1,8,0.7,1256,1289,1259,1286
-5,5,-3.5,1264,1329,1265,1328
25,6,19.42,1377,1294,1390,1280
8,8,5.6,1198,1352,1214,1336
20,7,14.09,1294,1188,1300,1181
22,6,15.99,1216,948,1216,949
-6,8,-4.2,1144,1150,1140,1154
-7,5,-4.9,1140,1181,1138,1183
25,4,31.7,1126,1044,1152,1018
12,4,8.47,1228,900,1218,910
25,5,25,1080,1072,1105,1047
24,6,18.11,1067,1001,1081,987
25,4,31.7,1534,1286,1550,1270
14,7,9.81,1454,1293,1453,1294
9,8,6.3,1329,1328,1335,1321
13,7,9.11,1431,1259,1429,1261
5,8,3.5,1550,1429,1545,1434
-21,6,-15.09,1335,1453,1329,1460
20,6,14.25,1545,1460,1554,1452
5,8,3.5,1554,1452,1550,1456
10,8,7,1280,1218,1283,1216
3,8,2.1,1181,1152,1181,1152
25,3,32.49,1336,949,1348,936
2,8,1.4,1138,1140,1140,1138
2,7,1.4,1283,1140,1274,1148
19,7,13.36,1348,1181,1350,1179
16,8,11.21,1274,1350,1291,1334
16,8,11.21,1291,1334,1305,1319
5,8,3.5,1214,1183,1215,1181
25,6,19.42,1390,1154,1395,1149
19,6,13.46,1300,1216,1308,1208
2,8,1.4,1295,1265,1294,1266
25,5,25,1215,1294,1246,1264
24,6,18.11,1395,1308,1407,1296
-3,8,-2.1,1246,1407,1255,1398
-5,8,-3.5,1255,1398,1261,1392
25,5,25,1081,1045,1103,1022
-25,5,-25,987,910,957,941
14,6,9.82,957,1047,973,1031
8,5,5.6,1105,973,1101,976
3,5,2.1,941,1103,954,1090
10,8,7,1101,954,1098,957
-23,6,-16.98,1305,1456,1298,1462
-13,8,-9.1,1298,1462,1300,1460
9,8,6.3,1300,1460,1317,1443
-21,6,-15.09,1317,1443,1311,1450
-25,5,-25,1311,1450,1295,1465
-8,8,-5.6,1392,1465,1391,1466
-5,8,-3.5,1391,1466,1393,1464
25,5,25,1296,1393,1328,1361
7,8,4.9,1328,1361,1335,1354
3,8,2.1,1335,1354,1338,1351
9,7,6.3,1553,1550,1559,1544
-22,7,-15.58,1559,1544,1542,1560
7,8,4.9,1542,1560,1549,1554
23,5,20.03,1549,1554,1569,1534
10,8,7,1569,1534,1573,1529
13,8,9.1,1573,1529,1579,1523
14,6,9.82,1464,1338,1465,1337
11,8,7.7,1465,1337,1464,1338
-11,8,-7.7,1464,1338,1448,1355
-25,5,-25,1295,1448,1281,1462
-25,5,-25,1281,1462,1268,1475
-19,8,-13.33,1268,1475,1268,1475
-19,5,-13.98,1230,1475,1231,1474
-6,8,-4.2,1355,1474,1359,1470
-19,6,-13.46,1261,1470,1261,1470
-9,8,-6.3,1261,1231,1253,1240
-21,8,-14.75,1359,1470,1352,1477
-16,8,-11.21,1352,1477,1349,1480
-10,8,-7,1349,1480,1351,1478
-19,8,-13.33,1351,1478,1346,1482
1,8,0.7,1346,1482,1356,1472
4,8,2.8,1356,1472,1367,1461
-24,7,-17.18,1367,1461,1356,1472
7,8,4.9,1356,1294,1357,1293
9,7,6.3,1357,1293,1359,1291
21,8,14.75,1249,1138,1256,1131
13,8,9.1,1256,1131,1256,1131
20,6,14.25,1256,1131,1262,1125
17,8,11.91,1262,1125,1264,1123
-10,7,-7,1359,1472,1359,1471
-24,6,-18.11,1359,1471,1349,1481
5,8,3.5,1481,1351,1476,1357
8,8,5.6,1476,1357,1473,1359
10,8,7,1473,1359,1472,1360
9,7,6.3,1472,1360,1471,1362
-5,8,-3.5,1349,1471,1354,1466
-12,8,-8.4,1354,1466,1353,1466
14,8,9.8,1321,1466,1341,1447
-10,8,-7,1341,1447,1341,1446
15,4,10.98,1353,1266,1358,1261
-4,8,-2.8,1358,1261,1349,1271
25,4,31.7,1349,1271,1375,1245
25,5,25,1375,1245,1391,1229
-12,8,-8.4,1391,1229,1372,1248
-25,6,-19.42,1240,1341,1228,1354
-4,8,-2.8,1221,1354,1227,1347
13,8,9.1,1446,1362,1450,1359
-8,8,-5.6,1450,1359,1438,1371
18,6,12.71,1438,1371,1445,1363
25,5,25,1445,1048,1450,1043
25,5,25,1450,1043,1454,1039
25,4,31.7,1454,1039,1465,1028
-20,5,-15.09,1268,1465,1266,1468
-7,8,-4.9,1266,1468,1274,1459
-25,5,-25,1274,1459,1261,1472
-25,7,-18.04,1261,1472,1257,1477
-14,8,-9.8,1257,1477,1261,1472
8,7,5.6,1271,1303,1279,1295
18,7,12.64,1279,1295,1293,1281
-5,8,-3.5,1293,1281,1288,1286
1,8,0.7,1288,1286,1289,1285
-8,8,-5.6,1289,1285,1283,1291
9,8,6.3,1283,1291,1290,1284
-21,6,-15.09,1363,1472,1355,1480
-5,8,-3.5,1355,1480,1360,1475
-14,7,-9.81,1360,1475,1358,1477
-8,8,-5.6,1358,1477,1361,1474
-22,8,-15.47,1361,1474,1353,1482
-14,8,-9.8,1579,1482,1563,1498
16,8,11.21,1563,1498,1569,1492
18,8,12.62,1569,1492,1576,1485
13,8,9.1,1576,1485,1579,1482
14,8,9.8,1523,1319,1520,1323
-12,8,-8.4,1520,1323,1499,1344
16,6,11.24,1579,1291,1573,1297
20,5,15.09,1573,1297,1572,1299
25,5,25,1572,1434,1587,1418
10,8,7,1587,1418,1583,1422
24,6,18.11,1583,1422,1590,1415
18,7,12.64,1590,1415,1591,1414
23,6,16.98,1591,1414,1597,1409
2,8,1.4,1597,1409,1586,1420
2,8,1.4,1586,1420,1576,1429
19,7,13.36,1299,1227,1307,1219
11,8,7.7,1307,1219,1308,1218
9,8,6.3,1576,1429,1572,1433
5,8,3.5,1572,1433,1566,1439
11,8,7.7,1566,1439,1565,1440
21,8,14.75,1411,1280,1417,1274
13,8,9.1,1417,1274,1416,1275
18,7,12.64,1649,1344,1644,1349
11,8,7.7,1644,1349,1634,1359
25,6,19.42,1634,1359,1637,1356
14,8,9.8,1637,1356,1630,1363
7,7,4.9,1630,1488,1626,1493
21,8,14.75,1565,1440,1571,1434
14,8,9.8,1571,1434,1572,1434
8,8,5.6,1572,1434,1568,1438
12,8,8.4,1568,1493,1571,1490
14,8,9.8,1571,1490,1575,1486
7,8,4.9,1575,1486,1574,1487
9,8,6.3,1363,1248,1361,1250
3,8,2.1,1361,1250,1355,1255
-2,8,-1.4,1275,1353,1279,1349
13,6,9.11,1279,1349,1293,1335
-1,7,-0.7,1293,1335,1295,1333
3,8,2.1,1295,1333,1300,1328
19,8,13.33,1574,1482,1581,1475
23,8,16.2,1581,1475,1589,1466
14,8,9.8,1589,1466,1591,1465
20,5,15.09,1591,1465,1597,1459
17,5,12.15,1597,1459,1600,1456
4,8,2.8,1600,1456,1593,1463
-19,6,-13.46,1593,1463,1570,1485
-20,6,-14.25,1300,1570,1302,1568
-7,8,-4.9,1302,1568,1313,1557
-21,6,-15.09,1313,1557,1313,1557
-19,6,-13.46,1313,1557,1315,1555
17,8,11.91,1626,1308,1619,1315
25,4,31.7,1619,1315,1633,1300
25,5,25,1633,1207,1637,1203
20,6,14.25,1637,1218,1631,1224
25,7,18.04,1631,1224,1628,1227
-5,8,-3.5,1203,1253,1203,1253
-24,6,-18.11,1328,1485,1320,1493
11,7,7.7,1320,1493,1340,1474
-10,6,-7,1340,1474,1342,1471
15,7,10.51,1347,1264,1352,1259
16,8,11.21,1352,1259,1357,1255
19,6,13.46,1499,1355,1502,1352
24,8,16.94,1502,1352,1509,1345
-8,8,-5.6,1342,1345,1336,1350
-20,7,-14.09,1336,1350,1323,1363
16,8,11.21,1363,1315,1371,1307
13,8,9.1,1371,1307,1376,1303
-15,6,-10.53,1376,1303,1360,1318
3,8,2.1,1360,1255,1355,1260
20,8,14.04,1555,1438,1561,1432
12,8,8.4,1561,1432,1561,1432
19,8,13.33,1561,1432,1565,1428
-13,8,-9.1,1323,1355,1317,1362
-12,8,-8.4,1317,1362,1311,1367
13,8,9.1,1509,1628,1527,1611
6,9,4.2,1335,1372,1342,1365
11,8,7.7,1342,1365,1351,1355
3,8,2.1,1527,1260,1513,1274
25,6,19.42,1513,1274,1517,1270
20,6,14.25,1517,1270,1516,1271
20,5,15.09,1516,1271,1516,1271
-11,6,-7.7,1028,1228,1033,1222
-16,6,-11.24,1033,1222,1034,1221
1,7,0.7,1034,1221,1047,1208
25,5,25,1516,1271,1526,1261
12,5,8.42,1526,1261,1518,1269
3,8,2.1,1518,1269,1505,1282